name,country_code,Maidâ€™s ID
GIMJABET,ETH,
ADDIS ABABA,ETH,
SHOA,ETH,
BORENA,ETH,
WONJI GEFERSA,ETH,
EBINAT,ETH,
ARSINEGELE,ETH,
METEMA,ETH,
MOJO,ETH,
WELEN KOMI,ETH,
OLANKOMI,ETH,
SEBETA,ETH,
HOSANA,ETH,
WOLLO,ETH,
HARARIGE,ETH,
HOLETA,ETH,
BATI LEJANA,ETH,
EAST SHEWA,ETH,
BISHEFTU,ETH,
GIMBO,ETH,
HURUTA,ETH,
MESKAN,ETH,
GURAGE,ETH,
DILLA,ETH,
SETIT HUMERA,ETH,
SILTE,ETH,
WENJI,ETH,
JIMMA,ETH,
ADAMA,ETH,
GOMBORA,ETH,
AKAKI,ETH,
ENSENO,ETH,
CHEHA,ETH,
ANLEMO,ETH,
BURAYU,ETH,
BISHOFTU,ETH,
HOSSANA,ETH,
WOLAYTA,ETH,
GEDOBER,ETH,
GAMO,ETH,
DIRE DAWA,ETH,
GINCHI,ETH,
FURSA,ETH,
MELKA,ETH,
GIMBI,ETH,
GONDAR,ETH,
ALIGE,ETH,
ANGECHA,ETH,
S TSAEDENBA,ETH,
ASGORI,ETH,
NEKEMT,ETH,
BOKOJI,ETH,
JIJIGA,ETH,
DEBREBRHAN,ETH,
CHORA,ETH,
GEMA,ETH,
ARSI,ETH,
JELDU,ETH,
WONJI,ETH,
SHIRE,ETH,
SHASHEMENE,ETH,
ABEGORA,ETH,
MINJAR,ETH,
KEFA,ETH,
LOMIWUHA,ETH,
T MACHEW,ETH,
KUNANA,ETH,
MENDI,ETH,
HARKISO,ETH,
GONDER,ETH,
SISE,ETH,
BAGGAO CAGAYAN,PHL,
MONTEVISTA DDN,PHL,
MARIVELES BATAAN,PHL,
GINGOOG CITY,PHL,
STA CRUZ ILS SR,PHL,
ZAMBOANGA CITY,PHL,
PARACELIS MT PRO,PHL,
PINILI ILOCOS N,PHL,
TANGUB CITY,PHL,
BURGOS PGN,PHL,
MARAGONDON CAV,PHL,
BATANGAS CITY,PHL,
PINUKPUK KALINGA,PHL,
M FORTICH BKN,PHL,
MATI DVO OR,PHL,
TIGBAUAN ILOILO,PHL,
BAYOMBONG N VIZ,PHL,
QUEZON CITY,PHL,
DAGUPAN PGN,PHL,
MINALABAC CAM SUR,PHL,
BANAYBANAY DV OR,PHL,
VICTORIAS NEG OC,PHL,
GAMU ISABELA,PHL,
ILIGAN CITY,PHL,
TANZA CAVITE,PHL,
TUBURAN BASILAN,PHL,
BAGUIO CITY,PHL,
CABADBARAN ADN,PHL,
PASAY CITY,PHL,
TALISAY CEBU,PHL,
MANILA,PHL,
ECHAGUE ISABELA,PHL,
BACOLOR PAMPANGA,PHL,
GUIMBA N ECIJA,PHL,
PANITAN CAPIZ,PHL,
OROQUIETA CITY,PHL,
DAPA SURIGAO DN,PHL,
MILAGROS MASBATE,PHL,
KORONADAL SO COT,PHL,
MARAWI CITY,PHL,
POLOMOLOK SO COT,PHL,
CALATRAVA NEG OCC,PHL,
CALOOCAN CITY,PHL,
CABANATUAN CITY,PHL,
GONZAGA CAGAYAN,PHL,
ALIAGA N ECIJA,PHL,
BAGABAG N VIZ,PHL,
TOLEDO CITY,PHL,
MEYCAUAYAN BUL,PHL,
LABASON ZAM DN,PHL,
POLANGUI ALBAY,PHL,
CALATRAVA RBN,PHL,
BALAYAN BTS,PHL,
STO NINO SO COT,PHL,
SAN MANUEL PGN,PHL,
ALLEN NO SAMAR,PHL,
ANGADANAN ISA,PHL,
SAN ISIDRO SGO DN,PHL,
STA LUCIA ILS SR,PHL,
MALUNGON SO COT,PHL,
BOCAUE BULACAN,PHL,
OBANDO BULACAN,PHL,
TAGBILARAN CITY,PHL,
VALENZUELA MM,PHL,
LIBMANAN CAM SUR,PHL,
CAVITE CITY,PHL,
PANAY CAPIZ,PHL,
MATANAO DVO DS,PHL,
PALAYAN CITY,PHL,
LOS BANOS LAGUNA,PHL,
LEBAK S KUDARAT,PHL,
ROXAS PALAWAN,PHL,
TITAY ZAM DS,PHL,
CASIGURAN AURORA,PHL,
NAVOTAS MM,PHL,
IPIL ZAM DS,PHL,
SAN JOSE CITY,PHL,
COTABATO CITY,PHL,
UPI MAGUINDANAO,PHL,
BISLIG SGO DS,PHL,
PASIG MM,PHL,
NABUNTURAN DON,PHL,
BAMBANG N VIZ,PHL,
PASIG CITY,PHL,
SILAY CITY,PHL,
MAGPET NO COT,PHL,
MAGPET COTABATO,PHL,
BANGAR LA UNION,PHL,
MORONG RIZAL,PHL,
DAVAO CITY,PHL,
BANSALAN DVO DS,PHL,
LOPEZ QUEZON,PHL,
VINZONS CAM NO,PHL,
TOBOSO NEG OC,PHL,
URBIZTONDO PGN,PHL,
ROXAS CITY,PHL,
IRIGA CAM SUR,PHL,
STA ROSA LAGUNA,PHL,
STA MARIA BUL,PHL,
MONTALBAN RIZAL,PHL,
NAKURU,KEN,
THIKA,KEN,
KIAMBU,KEN,
NAIROBI,KEN,
NYERI,KEN,
KILIFI,KEN,
KISII,KEN,
KISII CENTRAL,KEN,
BAHATI,KEN,
MURANGA,KEN,
NAKURU NORTH,KEN,
NYAMACHE,KEN,
HAMISI,KEN,
BUTERE,KEN,
KAJIADO,KEN,
KIBWEZI,KEN,
LIMURU,KEN,
BUNGOMA,KEN,
TESO,KEN,
GATUNDU,KEN,
KAKAMEGA,KEN,
MERU SOUTH,KEN,
EMBU,KEN,
MACHAKOS,KEN,
KAKAMEGA CENTRAL,KEN,
TRANS NZOIA WEST,KEN,
MERU CENTRAL,KEN,
LUGARI,KEN,
TAITA,KEN,
MATHIRA,KEN,
VIHIGA,KEN,
SIAYA,KEN,
BUSIA,KEN,
SURANKOTE JAMMU AND KASHMIR,IND,
NARAYANGANJ,BGD,
TIGRAY,ETH,
KATA,ETH,
SEKOTA,ETH,
SHIRKA,ETH,
AYUNGON NEG OR,PHL,
DAGUPAN CITY,PHL,
NAMPICUAN NE,PHL,
STO TOMAS DAVAO,PHL,
KAFTA,ETH,
HOSSAENA,ETH,
ASELA,ETH,
BORU LENCHA,ETH,
DEBREZEIT,ETH,
DUKEM,ETH,
DEBREZIET,ETH,
BONDJOCK,CMR,
IMUS CAVITE,PHL,
MAAYON CAPIZ,PHL,
BALLESTEROS CAG,PHL,
HAGONOY BULACAN,PHL,
PALO LEYTE,PHL,
KILINDINI,KEN,
TABACO ALBAY,PHL,
SN EMILIO ILS SR,PHL,
CLARIN MIS OC,PHL,
SAN PABLO CITY,PHL,
BASEY W SAMAR,PHL,
G GENEROSO DV OR,PHL,
SAN PASCUAL MBT,PHL,
SN FERNANDO CEBU,PHL,
SURALLAH SO COT,PHL,
KUMALARANG ZDS,PHL,
BALAOAN LA UNION,PHL,
MATALAM NO COT,PHL,
BAKAMUNA,LKA,
LAMUT IFUGAO,PHL,
TABINA ZAM DS,PHL,
GOMBA,UGA,
MAGSINGAL ILS SR,PHL,
STO DOMINGO NE,PHL,
SHEWA,ETH,
ALAPPUZHA KERALA,IND,
KOLLAM KERALA,IND,
LUMBATAN LDS,PHL,
LAS TUNAS CUB,UGA,
OLONGAPO CITY,PHL,
FARTA,ETH,
JITU,ETH,
TURUFE,ETH,
KIMBIBIT,ETH,
SIRE,ETH,
ARSSI,ETH,
TUY BATANGAS,PHL,
LAKEWOOD ZAM DS,PHL,
MACO DVO DN,PHL,
STAREHE,KEN,
CORDON ISABELA,PHL,
PORAC PAMPANGA,PHL,
GARCHITORENA CAM,PHL,
EAST WOLLEGA,ETH,
DEGAABOTIE,ETH,
USSR,RUS,
TIGIRAY,ETH,
TAGBILARAN CITY BHL,PHL,
PARANAS SAMAR,PHL,
DON CARLOS BKN,PHL,
TUBURAN CEBU,PHL,
TUNGAWAN ZAM DS,PHL,
ABEYE GURBA,ETH,
TABUELAN CEBU,PHL,
KAUSWAGAN LDN,PHL,
BALANGA BATAAN,PHL,
DULAG LEYTE,PHL,
MATTANCHERRY KERALA,IND,
POTOTAN ILOILO,PHL,
POZORRUBIO PGN,PHL,
PAVIA ILOILO,PHL,
SURAPAGUDEM ANDHRA PRADESH,IND,
CATUBIG NO SAMAR,PHL,
GUNCHIRE,ETH,
DAILEKH,NPL,
ARGHAKHANCHI,NPL,
NAMOK REZAY SIKKIM,IND,
MANDALUYONG RZL,PHL,
KALU,ETH,
NIABLE,CIV,
BUHI CAM SUR,PHL,
SUNSARI,NPL,
MARIHATAG SGO DS,PHL,
TARLAC TARLAC,PHL,
CABATUAN ILOILO,PHL,
HINOBA AN NEG OC,PHL,
LIMAY BATAAN,PHL,
URDANETA PGN,PHL,
CASTELLANA N OC,PHL,
DIONISIO ILOILO,PHL,
BAUNGON BUKIDNON,PHL,
DUMANJUG CEBU,PHL,
CADIZ CITY,PHL,
LUTAYAN S KUD,PHL,
CEBU CITY,PHL,
ALICIA BOHOL,PHL,
KIDAPAWAN COTABATO,PHL,
BAAO CAM SUR,PHL,
RT LIM ZAM DS,PHL,
GMACARTHUR E SMR,PHL,
SIAYAN ZAM DN,PHL,
SAN JUAN ILS SR,PHL,
SN MARIANO ISABELA,PHL,
CALABANGA CAM S,PHL,
MANAOAG PGN,PHL,
ANILAO ILOILO,PHL,
UMINGAN PGN,PHL,
PALOMPON LEYTE,PHL,
VICTORIA LAGUNA,PHL,
L JAENA MIS OC,PHL,
JAYANKONDAM TAMIL NADU,IND,
BACOLOD CITY,PHL,
SORSOGON SSG,PHL,
HARIPPAD KERALA,IND,
PANGANTUCAN BKN,PHL,
RUSSIA,RUS,
LUCENA CITY,PHL,
PINAMALAYAN MDO,PHL,
TUGUEGARAO CAG,PHL,
TIBIAO ANTIQUE,PHL,
OZAMIZ CITY,PHL,
KITUI,KEN,
IBADAN,PHL,
MULAGO,UGA,
DIPACULAO AURORA,PHL,
AGOO LA UNION,PHL,
BACO OR MDO,PHL,
GLORIA OR MDO,PHL,
GURGAON HARYANA,IND,
TAYTAY RIZAL,PHL,
MBARARA,UGA,
RIKHAR BIHAR,IND,
KATHMANDU,NPL,
VISAKHAPATNAM ANDHRA PRADESH,IND,
ORMOC CITY,PHL,
CALUMPIT BULACAN,PHL,
LIMURU KEN,KEN,
NAKURU KEN,KEN,
NASUGBU BATANGAS,PHL,
DASMARINAS CAV,PHL,
ISULAN S KUDARAT,PHL,
POLILLO QUEZON,PHL,
BATAC ILOCOS N,PHL,
BANISILAN COTABATO,PHL,
SJDM BULACAN,PHL,
ULUTANGA ZAM DS,PHL,
ROSARIO LA UNION,PHL,
PADRE GARCIA BTS,PHL,
PANDI BULACAN,PHL,
CALUBIAN LEYTE,PHL,
PANTUKAN DAVAO,PHL,
MALOLOS BULACAN,PHL,
ANTIPOLO RIZAL,PHL,
MURIKKADY KERALA,IND,
DAVAD CITY,PHL,
BACLAYON BOHOL,PHL,
CARAGA DVO OR,PHL,
N LUCENA ILOILO,PHL,
MUNTINLUPA MM,PHL,
WAKISO,UGA,
DEJEN,ETH,
ARIPALAM KERALA,IND,
PEVE MAHARASHTRA,IND,
PANADURA,LKA,
WATHUPITIWALA,LKA,
MUMBAI MAHARASHTRA,IND,
KOLKATA WEST BENGAL,IND,
TACURONG CITY,PHL,
LUBAO PAMPANGA,PHL,
TANAY RIZAL,PHL,
NASIPIT ADN,PHL,
KIAMBA SO COT,PHL,
B NUEVO ILOILO,PHL,
MACO COMV,PHL,
SIPOCOT CAM SUR,PHL,
LABANGAN ZAM DS,PHL,
VILLASIS PGN,PHL,
JIPAPAD E SAMAR,PHL,
PASAY MM,PHL,
SN MARCELINO ZBS,PHL,
S JOAQUIN ILOILO,PHL,
SANCHEZ MIRA CAG,PHL,
NORTH SHOA,ETH,
DILASAG AURORA,PHL,
MANAPLA NEG OC,PHL,
TAPAZ CAPIZ,PHL,
MALAYBALAY BKN,PHL,
SAN PEDRO LAGUNA,PHL,
PADADA DVO DS,PHL,
BULA CAM SUR,PHL,
TINGLOY BATANGAS,PHL,
IBA ZAMBALES,PHL,
CABAGAN ISABELA,PHL,
ALLANERA N ECIJA,PHL,
PARANAQUE MM,PHL,
KIDAPAWAN NO COT,PHL,
KIBAWE BUKIDNON,PHL,
BAGO CITY,PHL,
NAGOOR TAMIL NADU,IND,
BUDGE BUDGE WEST BENGAL,IND,
KALLEKULAM KERALA,IND,
NORTH GONDAR,ETH,
BANKE,NPL,
BHATPARA B TE WEST BENGAL,IND,
PYUTHAN,NPL,
KOZHENCHERRY KERALA,IND,
BAL PUNJAB,IND,
KATHOR SURAT GUJARAT,IND,
B  KALAWI LDS,PHL,
SYANGJA,NPL,
MANA,ETH,
CHIR LALU,ETH,
DEBREBIRHAN,ETH,
CHOBI,ETH,
LOME,ETH,
WARA,ETH,
NGOUH WUM,CMR,
HARARE,ZWE,
MALIKPUR BET PUNJAB,IND,
ATOTA,ETH,
DOYO GENA,ETH,
NORTH SHEWA,ETH,
BENGALURU KARNATAKA,IND,
LUCKNOW UTTAR PRADESH,IND,
MANGALORE KARNATAKA,IND,
DUMAGUETE CITY,PHL,
GIMBCHU,ETH,
TICHO,ETH,
DIKSIS,ETH,
AREKA,ETH,
ADOLA WOYU,ETH,
GEDEB,ETH,
M PADILLA NEG OC,PHL,
LILOAN SO LEYTE,PHL,
SAN FERNANDO PMP,PHL,
TEFKI,ETH,
TKM,TKM,
KABUNTALAN MGD,PHL,
PIGCAWAYAN COT,PHL,
MBIAME JAKIRI,CMR,
LAMJUNG,NPL,
BURKITOTA ODISHA,IND,
KOLADIBA,ETH,
LIBON ALBAY,PHL,
KALOLENI,KEN,
MACHAKOS KEN,KEN,
TORORO,UGA,
BONGABON N ECIJA,PHL,
BASILISA SGO DN,PHL,
MANNAR KERALA,IND,
EZHUMATTOOR KERALA,IND,
BURKITU,ETH,
WADLA,ETH,
TACH ARMACHIHO,ETH,
SENGO YAYA,ETH,
MAGSAYSAY MIS OR,PHL,
DIMASALANG MBT,PHL,
CUYAPO N ECIJA,PHL,
MARILAO BULACAN,PHL,
ADAMITULU,ETH,
BURDEOS QUEZON,PHL,
TANAUAN BATANGAS,PHL,
CAWAYAN MASBATE,PHL,
LASAM CAGAYAN,PHL,
ISABELA NEG OC,PHL,
MENAGESHA,ETH,
WOLAITA,ETH,
MURASA,ETH,
AGDANGAN QUEZON,PHL,
CALACA BATANGAS,PHL,
DINALUPIHAN BTN,PHL,
MABALACAT PMP,PHL,
VALENZUELA BUL,PHL,
TRENTO ADS,PHL,
FANA MURA,ETH,
BOLE,ETH,
KOMBOLCHA,ETH,
SULULTA,ETH,
HARO HADO,ETH,
ARARA,ETH,
CHISA,ETH,
AMEKA,ETH,
SOUTH GONDER,ETH,
ADI DAERO,ETH,
THIKA EAST,KEN,
HAWASSA,ETH,
LA PAZ TARLAC,PHL,
MARAGUA,KEN,
STA MARIA DVO DS,PHL,
SARA ILOILO,PHL,
MONDRAGON NO SMR,PHL,
MERTI,ETH,
HADERO,ETH,
NEGELE,ETH,
KOOTHALI KERALA,IND,
KOLAR GOLD FIELD KARNATAKA,IND,
WESTERN RUKUM,NPL,
PALAKKAD KERALA,IND,
DOYOGENA,ETH,
NORTH WOLO,ETH,
AMORAGEDEL,ETH,
ABELA,ETH,
GIMBICHU,ETH,
HADIYA,ETH,
TANAHUN,NPL,
MORANG,NPL,
NAWALPARASI EAST,NPL,
PUTHENVELIKKARA KERALA,IND,
ACCRA,TZA,
DAGAMI LEYTE,PHL,
DIRE ENCHINI,ETH,
SIMULBARI DARJEELING WEST BENGAL,IND,
INFANTA QUEZON,PHL,
A LISTA IFUGAO,PHL,
MERU NORTH,KEN,
AXUM,ETH,
OSHAWA CAN,IND,
MAKONDE,ZWE,
RAKAI,UGA,
MABINI DVO DN,PHL,
SAGADA MT PRO,PHL,
BARINGO CENTRAL,KEN,
AMADEO CAVITE,PHL,
MANDALUYONG MM,PHL,
ATIMONAN QUEZON,PHL,
BAUAN BATANGAS,PHL,
JUBAN SORSOGON,PHL,
BACOOR CAVITE,PHL,
SAN ANTONIO NE,PHL,
TOLEDO CEBU,PHL,
MADDELA QUIRINO,PHL,
LOAY BOHOL,PHL,
TAGUDIN ILS SR,PHL,
SAN ENRIQUE N OC,PHL,
BUSTOS BULACAN,PHL,
SAN LUIS PAMPANGA,PHL,
S NICOLAS ILS NO,PHL,
SARIAYA QUEZON,PHL,
KISII KEN,KEN,
POLA OR MDO,PHL,
ARGAO CEBU,PHL,
BUGUEY CAGAYAN,PHL,
MANGALDAN PGN,PHL,
KAKAMEGA KEN,KEN,
TAGUM DAVAO,PHL,
CILACAP,IDN,
LANAO,PHL,
CAUAYAN ISABELA,PHL,
BENAULIM GOA,IND,
KALUNGU,UGA,
NABUNTURAN DAVAG,PHL,
DINAS ZAM DS,PHL,
MULANDA,UGA,
LAMBAYONG S KUD,PHL,
SINILOAN LAGUNA,PHL,
GEN SANTOS CITY,PHL,
CALINOG ILOILO,PHL,
S CARLOS CTY PGN,PHL,
LAS PINAS MM,PHL,
SANTIAGO ISABELA,PHL,
SAN FERNANDO LAU,PHL,
SIPALAY NEG OC,PHL,
MASINDI,UGA,
HINABANGAN SAMAR,PHL,
MANITO ALBAY,PHL,
NAGCARLAN LAGUNA,PHL,
MAKATI MM,PHL,
S TOMAS LA UNION,PHL,
STA IGNACIA TLC,PHL,
CARMEN DAVAO,PHL,
CARMEN BOHOL,PHL,
GM ALVAREZ CAV,PHL,
PANIQUI TARLAC,PHL,
MANGATAREM PGN,PHL,
DIFFUN QUIRINO,PHL,
AD ILOG OC MDO,PHL,
MURCIA NEG OC,PHL,
LIGAO ALBAY,PHL,
KABASALAN ZAM DS,PHL,
BATO CAM SUR,PHL,
LAGUINDINGAN MO,PHL,
KABANKALAN N OC,PHL,
TABOGON CEBU,PHL,
ANINI Y ANTIQUE,PHL,
SN LUIS PAMPANGA,PHL,
NABUNTURAN DAVAO,PHL,
SURIGAO CITY,PHL,
MAHATAO BATANES,PHL,
CARCAR CEBU,PHL,
SARANGANI DVO DS,PHL,
MALABUYOC CEBU,PHL,
OAS ALBAY,PHL,
QUEZON ISABELA,PHL,
COLOMBO,LKA,
DANSA,ETH,
NADA,ETH,
KOFELE,ETH,
KURUNEGALA,LKA,
TANJAY NEG OR,PHL,
KUTTIYADI KERALA,IND,
CARIGARA LEYTE,PHL,
LAPU-LAPU CITY,PHL,
BUTUAN CITY,PHL,
NEW BATAAN DVO,PHL,
TALISAY BATANGAS,PHL,
BACOLOD LANAO DN,PHL,
BAGUIO BENGUET,PHL,
TABANGO LEYTE,PHL,
AMULUNG CAGAYAN,PHL,
PILAR BATAAN,PHL,
BURGOS ILOCOS N,PHL,
BADOC ILOCOS N,PHL,
VALENCIA CITY,PHL,
SAN ISIDRO NE,PHL,
M MARCOS S KUD,PHL,
UMZINGWANE,ZWE,
CLARIN BOHOL,PHL,
BANGUED ABRA,PHL,
OSLOB CEBU,PHL,
MAWAB DAVAO,PHL,
TAGUM CITY,PHL,
SINAIT ILOCOS SR,PHL,
AROROY MASBATE,PHL,
BALATAN CAM SUR,PHL,
E SALVADOR MS OR,PHL,
LANTAPAN BKN,PHL,
TBOLI S COTABATO,PHL,
LEON ILOILO,PHL,
PURA TARLAC,PHL,
CARMONA CAVITE,PHL,
SALAY MIS OR,PHL,
BANI PANGASINAN,PHL,
BANGA S COTABATO,PHL,
TABUK KALINGA,PHL,
MANUKAN ZAM DN,PHL,
CARRANGLAN NE,PHL,
BAYUGAN ADS,PHL,
MIRPUR AK,PAK,
MARAMAG BUKIDNON,PHL,
CONCEPCION TLC,PHL,
BAYAWAN NEG OR,PHL,
TACURONG S KUD,PHL,
GAPAN N ECIJA,PHL,
MYINGYAN,MMN,
MAPANDAN PGN,PHL,
MASBATE MASBATE,PHL,
KALIBO AKLAN,PHL,
MEDELLIN CEBU,PHL,
STO TOMAS PGN,PHL,
NVA VALENCIA GMR,PHL,
SALCEDO E SAMAR,PHL,
PONTEVEDRA CAPIZ,PHL,
HINIGARAN NEG OC,PHL,
LALA LANAO DN,PHL,
BAROBO SDS,PHL,
CATEEL DVO OR,PHL,
BULAWAYO,ZWE,
DAPITAN CITY,PHL,
SAKHINETIPALLI ANDHRA PRADESH,IND,
VALENCIA BKN,PHL,
ALICIA ISABELA,PHL,
ROSARIO NO SAMAR,PHL,
QUEZON BUKIDNON,PHL,
SARRAT ILOCOS N,PHL,
RIZAL CAGAYAN,PHL,
TALISAY NEG OC,PHL,
TAMBULIG ZAM DS,PHL,
BONGAO TAWI TAWI,PHL,
LAIKIPIA EAST,KEN,
BINAN LAGUNA,PHL,
MINGLANILA CEBU,PHL,
G HERNANDEZ BHL,PHL,
JIDA,ETH,
ERANHIPALAM KERALA,IND,
KANANGA LEYTE,PHL,
CONCEPCION ILOILO,PHL,
HAMISI KEN,KEN,
LAPU LAPU CEBU,PHL,
BANTAYAN CEBU,PHL,
CANSAULIM GOA,IND,
BALENO MASBATE,PHL,
DALAGUETE CEBU,PHL,
MALANGAS ZAM DS,PHL,
MOTIONG W SAMAR,PHL,
KOLAMBUGAN LDN,PHL,
MURANG A EAST,KEN,
TAITA KEN,KEN,
BORONGAN E SAMAR,PHL,
PROSPERIDAD ADS,PHL,
CP GARCIA BOHOL,PHL,
BAGANGA DVO OR,PHL,
BOAC MARINDUQUE,PHL,
PAGBILAO QUEZON,PHL,
CALATAGAN BTS,PHL,
MALINAO AKLAN,PHL,
LUBUAGAN K APO,PHL,
PALAPAG NO SAMAR,PHL,
SN RICARDO S LTE,PHL,
PENARANDA NE,PHL,
STA CRUZ LAGUNA,PHL,
ISABEL LEYTE,PHL,
LUPAO N ECIJA,PHL,
LAL LO CAGAYAN,PHL,
S FERNANDO CAM S,PHL,
TAMPAKAN SO COT,PHL,
VALLEHERMOSO NEG,PHL,
CALAUAG QUEZON,PHL,
ILOILO CITY,PHL,
COMPOSTELA DVO,PHL,
GUINDULMAN BOHOL,PHL,
TUBIGON BOHOL,PHL,
KISII CENTRAL KEN,KEN,
ALEM TENA,ETH,
LAGAWE IFUGAO,PHL,
BALASAN ILOILO,PHL,
BACONG NEG OR,PHL,
CABARROGUIS QRN,PHL,
KIRINYAGA,KEN,
DYMOCK KERALA,IND,
LADANG NO SAMAR,PHL,
GUIGUINTO BUL,PHL,
STA CRUZ ZBS,PHL,
ANGELES CITY,PHL,
P PRINCESA CITY,PHL,
TARLAC CITY,PHL,
MERSA,ETH,
DAGENHAM,BRA,
D ALBANO ISABELA,PHL,
SULOP DVO DS,PHL,
MARGOSATUBIG ZDS,PHL,
DIGOS DVO DS,PHL,
LAGUNA,PHL,
PUNE MAHARASHTRA,IND,
MARAWILA,LKA,
NAGA CEBU,PHL,
BILI SILTO,ETH,
WOLISO,ETH,
RACHUONYO KEN,KEN,
GERMAMA SHINITO,ETH,
MONKAYO DVO DN,PHL,
TERESA RIZAL,PHL,
ELU AGA,ETH,
SASMUAN PAMPANGA,PHL,
DALE,ETH,
DEKO,ETH,
WELDIYA,ETH,
THALAIMANNAR,LKA,
APARRI CAGAYAN,PHL,
MUNOZ N ECIJA,PHL,
CHITWAN,NPL,
CALAPE BOHOL,PHL,
SAN FABIAN PGN,PHL,
TULUNAN NO COT,PHL,
RODRIGUEZ RIZAL,PHL,
DUPAX DN N VIZ,PHL,
MEXICO PAMPANGA,PHL,
TASNKENT,UZB,
DASOL PGN,PHL,
SINDHUPALCHOK,NPL,
GAMPAHA,LKA,
NEGOMBO,LKA,
THALA GUJARAT,IND,
ILAGAN ISABELA,PHL,
TARRAGONA DVO OR,PHL,
RANNA,LKA,
PAOAY ILOCOS N,PHL,
RASUWA,NPL,
KHOTANG,NPL,
NEKEMTE,ETH,
GORO,ETH,
BUNAWAN ADS,PHL,
CAG DE ORO CITY,PHL,
DUMINGAG ZAM DS,PHL,
MULKI KARNATAKA,IND,
SUYO ILOCOS SUR,PHL,
YATTA,KEN,
BUTERE KEN,KEN,
HILONGOS LEYTE,PHL,
LIPA CITY,PHL,
BALINGASAG MS OR,PHL,
SEETA,UGA,
KAYUNGA,UGA,
ACHA TUGI,CMR,
CHIBI,ZWE,
TIGANIA CENTRAL,KEN,
PAURI GARHWAL UTTARAKHAND,IND,
KONAK,TKM,
PASSI ILOILO,PHL,
IRIGA CITY,PHL,
SINDANGAN ZAM DN,PHL,
YAYA GULELE,ETH,
DEDER,ETH,
JABONGA ADN,PHL,
SAN MIGUEL LEYTE,PHL,
ENTEBBE,UGA,
JEMJEM,ETH,
POTIA IFUGAO,PHL,
LA CARLOTA CITY,PHL,
DARAM SAMAR,PHL,
CUYAPO NUEVA ECIJA,PHL,
BAROBO SGO DS,PHL,
LAPULAPU CEBU,PHL,
SAN MATEO ISA,PHL,
AWASH,ETH,
DESSIE,ETH,
GUMACA QUEZON,PHL,
SOLANA CAGAYAN,PHL,
MALABON MM,PHL,
NOURTH SHAWA,ETH,
RAYA KOBO,ETH,
DANAO CEBU,PHL,
CANDELARIA ZBS,PHL,
MONKAYO DVO,PHL,
CANDONI NEG OC,PHL,
TALAKAG BUKIDNON,PHL,
WOLDIYA,ETH,
KUDAYATHUR KERALA,IND,
DIREDAWA,ETH,
BUEE,ETH,
SN JUAN BATANGAS,PHL,
SIBUCO ZAM DN,PHL,
PLACER MASBATE,PHL,
SIAY ZAM DS,PHL,
MALLIG ISABELA,PHL,
HEWANI,ETH,
BURE,ETH,
ASHEKUBEGA,ETH,
LEGETAFO,ETH,
JULITA LEYTE,PHL,
ORANI BATAAN,PHL,
KAPALONG DAVAO,PHL,
BAYOG ZAM DS,PHL,
NAGUILIAN ISABELA,PHL,
FLORA K APAYAO,PHL,
NARRA PALAWAN,PHL,
SIATON NEG OR,PHL,
BOBON NO SAMAR,PHL,
MINA ILOILO,PHL,
UBAY BOHOL,PHL,
KAKAMENGA,KEN,
KIBLAWAN DVO DS,PHL,
SEKE,ZWE,
BUCAY ABRA,PHL,
OTON ILOILO,PHL,
SN FRANCISCO ADS,PHL,
GAPAN NECIJA,PHL,
KORONADAL COT,PHL,
SAN FERNANDO BKN,PHL,
GLAN S COTABATO,PHL,
MARIKINA CITY,PHL,
MANABO ABRA,PHL,
SOCORRO OR MDO,PHL,
PLARIDEL BULACAN,PHL,
ANDA PANGASINAN,PHL,
LAGOS,NGA,
VALLADOLID N OC,PHL,
DUMALINAO ZAM DS,PHL,
TIBILA,ETH,
BORKOSHA,ETH,
JONES ISABELA,PHL,
STO TOMAS BTS,PHL,
DEBRESINA,ETH,
TULU BOLO,ETH,
VIGAN ILOCOS SUR,PHL,
TAGUIG MM,PHL,
MANKAYAN BENGUET,PHL,
DATU SINSUAT MGD,PHL,
MUREWA,ZWE,
KISUMU,KEN,
ZAF,THA,
CORTES SGO DS,PHL,
SAN MIGUEL BOHOL,PHL,
MONKAYO DAVAO,PHL,
BUENAVISTA BOHOL,PHL,
STA CATALINA NEG,PHL,
ASINGAN PGN,PHL,
JORDAN GUIMARAS,PHL,
MARIA NEG OR,PHL,
HINUNANGAN S LTE,PHL,
ROXAS OR MDO,PHL,
SALCEDO ILS SR,PHL,
ASTURIAS CEBU,PHL,
DIADI N VIZCAYA,PHL,
KALOOKAN CITY,PHL,
MAKERERE,UGA,
FICHE,ETH,
ARSI NEGELE,ETH,
WEST GOJJAM,ETH,
JINJA,UGA,
NGOMA,UGA,
SAGAY CITY,PHL,
DIGALU TIJO,ETH,
TOMBODU KONO,SLE,
GAYENT,ETH,
HYDERABAD TELANGANA,IND,
MAKINDYE,UGA,
CHENNAI TAMIL NADU,IND,
JAMA,ETH,
RIPPON GARDEN NILE AVENUE,UGA,
TEHRAN,IND,
PUDUVALASAI TAMIL NADU,IND,
GUDUR ANDHRA PRADESH,IND,
SIMADA,ETH,
LABRIKIYINE MAROC,MAR,
HABRU,ETH,
LAUR NUEVA ECIJA,PHL,
SAGAY NEG OC,PHL,
CAUAYAN NEG OC,PHL,
ABUYOG LEYTE,PHL,
HIMAMAYLAN N OC,PHL,
ASUNCION DAVAO,PHL,
MENJISO GORA,ETH,
NEGROS OCC,PHL,
TOFFO ATL,SLE,
KIDAPAWAN COT,PHL,
CATANAUAN QZN,PHL,
RUIRU,KEN,
KURA JIDA,ETH,
AGENA,ETH,
THIKA KEN,KEN,
ANOSIZATO EST,MDG,
NEGELE ARSI,ETH,
KALABURAGI KARNATAKA,IND,
ABERGELE,ETH,
TAGBINA SGO DS,PHL,
KAKAMEGA CENTRAL KEN,KEN,
DUMAGUETE NEG,PHL,
WEST POKOT,KEN,
PINAMUNGAJAN CEBU,PHL,
MATHIRA KEN,KEN,
SAN MARIANO ISA,PHL,
P ROXAS COTABATO,PHL,
GETO,ETH,
TIHAMBAC CAM SUR,PHL,
CABA LA UNION,PHL,
MAMBUSAO CAPIZ,PHL,
PILAR CAPIZ,PHL,
PAGADIAN CITY,PHL,
LAS NIEVES ADN,PHL,
TALWANDI MALLIAN PUNJAB,IND,
AINAPURAM ANDHRA PRADESH,IND,
NAWALPARASI WEST,NPL,
AMARO,ETH,
MITHIRMALA KERALA,IND,
MAHAWA,LKA,
MEKI,ETH,
CATMON CEBU,PHL,
CARDONA RIZAL,PHL,
BAUANG LA UNION,PHL,
S BENEDICTO N OC,PHL,
PILAR ABRA,PHL,
HINATUAN SGO DS,PHL,
VILLABA LEYTE,PHL,
LOOC ROMBLON,PHL,
MALAPATAN SO COT,PHL,
PIDIGAN ABRA,PHL,
KOBO,ETH,
METEHARA,ETH,
GADO YABETA,ETH,
DONSOL SORSOGON,PHL,
KITAOTAO BKN,PHL,
SAN ENRIQUE LOTIO,PHL,
SHAWA,ETH,
MABINAY NEG OR,PHL,
BALIANGAO MIS OC,PHL,
MATAG OB LEYTE,PHL,
TANAUAN LEYTE,PHL,
GLAN SO COT,PHL,
NAIC CAVITE,PHL,
MABITAC LAGUNA,PHL,
ABUCAY BATAAN,PHL,
EJERSA,ETH,
LAUA AN ANTIQUE,PHL,
NEW BATAAN DAVAD,PHL,
KAITHARAM KERALA,IND,
ALCALA CAGAYAN,PHL,
LAPU LAPU CITY,PHL,
BALETE AKLAN,PHL,
MALUNGON SRN,PHL,
BAMBAN TARLAC,PHL,
GUTALAC ZAM DN,PHL,
TALUGTOG N ECIJA,PHL,
LA CARLOTA N OC,PHL,
LLANERA N ECIJA,PHL,
LABO CAM NO,PHL,
IBAJAY AKLAN,PHL,
THRISSUR KERALA,IND,
MALINAO ALBAY,PHL,
MARIKINA RIZAL,PHL,
GULMI,NPL,
SIBULAN NEG OR,PHL,
SIAYA KEN,KEN,
TAITA TAVETA,KEN,
LEMERY ILOILO,PHL,
KABUGAO APAYAO,PHL,
AJUY ILOILO,PHL,
CADIZ NEG OC,PHL,
SAN JUAN BATANGAS,PHL,
MUKONO,UGA,
WAO LANAO DS,PHL,
CORELLA BOHOL,PHL,
CALATRAVA NEG OC,PHL,
TUMAUINI ISABELA,PHL,
MABINI PGN,PHL,
SODAWAS RAJASTHAN,IND,
THURAIYUR TAMIL NADU,IND,
BITRAGUNTA ANDHRA PRADESH,IND,
ALANINOS LAGUNA,PHL,
SOUTH UPI MGD,PHL,
CANDON ILS SR,PHL,
PONTEVEDRA NEG OC,PHL,
AMBO,ETH,
TURKMENISTAN,TKM,
DEGEM,ETH,
WARA KISHAN PURA PUNJAB,IND,
BINALBAGAN N OC,PHL,
BOMBO,UGA,
DIMATALING ZDS,PHL,
ETEYA,ETH,
FENTALE,ETH,
ADDIS ABEBA,ETH,
NAZRETH,ETH,
WELAYTA,ETH,
CHEKA,ETH,
BODITI,ETH,
BUTAJRA,ETH,
WEST SHOA,ETH,
DEJJEN,ETH,
BUTAJIRA,ETH,
AKAKI KALTI,ETH,
BAHIR DAR,ETH,
CHILAW,LKA,
LOHIAN KHAS PUNJAB,IND,
MARGAO GOA,IND,
LUWEERO,UGA,
UMBADA,ESP,
ADELE,ETH,
HOBACHO,ETH,
ADABA,ETH,
HARAR,ETH,
HAYMANOTHA,ETH,
NKORANZA,TZA,
ALLACAPAN CAG,PHL,
AFAR,ETH,
PINIZ ILOCOS N,PHL,
BULAN SORSOGON,PHL,
LAPUYAN ZAM DS,PHL,
EB MAGALONA N OC,PHL,
FINOTE SELAM,ETH,
KISUMU EAST,KEN,
TAGIG MM,PHL,
BALIUAG BULACAN,PHL,
ALAMATA,ETH,
MEKELE,ETH,
NANDI,KEN,
DANG,NPL,
DAMBOYA,ETH,
HIRNA,ETH,
CARMEN COTABATO,PHL,
CALAMBA MIS OC,PHL,
SHANDONG,PHL,
RUNDERA RAJASTHAN,IND,
MUNSHIWALA PUNJAB,IND,
LOGIYA,ETH,
NYAMIRA,KEN,
BAGUMBAYAN S KUD,PHL,
MURANG A SOUTH,KEN,
MOGADISHU,BRA,
ELDORET WEST KEN,KEN,
STA MARIA PGN,PHL,
TALAVERA N ECIJA,PHL,
ALCALA PGN,PHL,
TUDELA CEBU,PHL,
KATIKAMU,UGA,
ROLSABSAR RAJASTHAN,IND,
STO TOMAS PMP,PHL,
CAION BATAAN,PHL,
PAMPLONA CAM SUR,PHL,
GIRADURUKOTTE,LKA,
MAKILALA COTABATO,PHL,
SALVADOR LDN,PHL,
MAGSAYSAY DVO DS,PHL,
INFANTA PGN,PHL,
BAYBAY LEYTE,PHL,
ESCALANTE NEG OC,PHL,
PLACER SGO DN,PHL,
BAUTISTA PGN,PHL,
PORO CEBU,PHL,
HAGONOY DAVAO DS,PHL,
TIAONG QUEZON,PHL,
VENGURLA MAHARASHTRA,IND,
MULAGO HOSPITAL,UGA,
PITOGO QUEZON,PHL,
LAS PINAS CITY,PHL,
BANAUE IFUGAO,PHL,
KINGRA CHOWALA PUNJAB,IND,
VIJAYAWADA,IND,
TAGANA-AN SGO DN,PHL,
KUMBAZHA KERALA,IND,
CALANOGAS LDS,PHL,
MALAPPURAM KERALA,IND,
MANOHARPUR JHARKHAND,IND,
COMPOSTELA COMV,PHL,
GUAGUA PAMPANGA,PHL,
MPIGI,UGA,
BARBAZA ANTIQUE,PHL,
NAGGALAMA,UGA,
UASIN GISHU,KEN,
BOGO CEBU,PHL,
KAJIADO KEN,KEN,
MLANG NO COT,PHL,
CALAMBA LAGUNA,PHL,
ARINBAY LA UNION,PHL,
BACACAY ALBAY,PHL,
MAIGO LANAO DN,PHL,
LEYTE LEYTE,PHL,
EMBU KEN,KEN,
B POINT PALAWAN,PHL,
SAN DIONISIO ILOILO,PHL,
ESPERANZA S KUD,PHL,
TUGUEGARAO CAGAYAN,PHL,
HAMTIC ANTIQUE,PHL,
MATALAM COTABATO,PHL,
STA MARIA ILS SR,PHL,
CABATUAN ISABELA,PHL,
VICTORIA TARLAC,PHL,
SAN MIGUEL BUL,PHL,
CABANGLASAN BKN,PHL,
BOKOD BENGUET,PHL,
MELAPALAYAM TAMIL NADU,IND,
CABUYAO LAGUNA,PHL,
KANIYUR TAMIL NADU,IND,
KODIMATHA KERALA,IND,
JALANDHAR PUNJAB,IND,
MANDAUE CITY,PHL,
GANDARA SAMAR,PHL,
SIQUIJOR SQR,PHL,
NUZVID AP,IND,
KOTHAMANGALAM KERALA,IND,
BINANGONAN RIZAL,PHL,
GHOLVAD MAHARASHTRA,IND,
KABEREBERE II,UGA,
CARMEN CEBU,PHL,
ROSARIO CAVITE,PHL,
CALAUAN LAGUNA,PHL,
ROMBLON ROMBLON,PHL,
NEW CORELLA DAVAO,PHL,
TUKURAN ZAM DS,PHL,
SAN FRANCISCO ADS,PHL,
MURANGA EAST,KEN,
KANNUR KERALA,IND,
TUNGA LEYTE,PHL,
SND LANAO DN,PHL,
PIDDIG ILOCOS N,PHL,
WOGIDI,ETH,
DEMBI,ETH,
DATU PAGLAS MGD,PHL,
ASUNCION DVO DN,PHL,
RIZAL OC MDO,PHL,
FREETOWN,SLE,
AGLIPAY QUIRINO,PHL,
BONIFACIO MIS OC,PHL,
BULUAN MGD,PHL,
BUGASONG ANTIQUE,PHL,
ROSELLER LIM ZDS,PHL,
PAGUDPUD ILS NO,PHL,
JA SANTOS DVO DS,PHL,
RIZAL KALINGA,PHL,
ORMOC LEYTE,PHL,
SOLANO N VIZ,PHL,
GM NATIVIDAD NE,PHL,
SABLAYAN OC MDO,PHL,
ESPERANZA ADS,PHL,
MUMIAS,KEN,
NAAWAN MIS OR,PHL,
LUNA LA UNION,PHL,
NABUA CAM SUR,PHL,
KAMPALA,UGA,
TULUNAN COTABATO,PHL,
LOON BOHOL,PHL,
VALENCIA NEG OR,PHL,
SISON PANGASINAN,PHL,
MALIBCONG ABRA,PHL,
ALABEL SO COT,PHL,
DIPLAHAN ZAM DS,PHL,
TALIPAO SLU,PHL,
CAC DE ORO CITY,PHL,
MALASIQUI PGN,PHL,
ENATHU KERALA,IND,
TUBUNGAN ILOILO,PHL,
AGARO,ETH,
CHALAKUDY KERALA,IND,
GUIMBA NUEVA ECIJA,PHL,
BALUNGAO PGN,PHL,
BADAMTAM T E WEST BENGAL,IND,
BASISTA PGN,PHL,
VICTORIA OR MDO,PHL,
KIANGAN IFUGAO,PHL,
BAKO,ETH,
KOTHAD KERALA,IND,
IRINJALAKKUDA KERALA,IND,
BUENAVISTA ADN,PHL,
NANDI CENTRAL,KEN,
CAPOOCAN LEYTE,PHL,
SN LUIS BATANGAS,PHL,
SAN JUAN ABRA,PHL,
CAPALONGA CAM NO,PHL,
CATARMAN NO SMR,PHL,
SAN CARLOS CITY NEG,PHL,
MINGLANILLA CEBU,PHL,
PLARIDEL MIS OC,PHL,
BONTOC SO LEYTE,PHL,
SAN JOSE OC MDO,PHL,
CALBAYOG CITY,PHL,
THANNITHODU KERALA,IND,
VALIATHURA KERALA,IND,
SULTHAN BATHERY KERALA,IND,
BAGULIN LA UNION,PHL,
LA TRINIDAD BGT,PHL,
RAMON ISABELA,PHL,
ALTAVAS AKLAN,PHL,
SAN MANUEL ISA,PHL,
ISABELA BASILAN,PHL,
KALAMANSIG S KUD,PHL,
BINALONAN PGN,PHL,
KAMWENGE,UGA,
LUNA APAYAO,PHL,
KAMUKUNJI,KEN,
BINMALEY PGN,PHL,
QUEZON QUEZON,PHL,
CAJIDIOCAN RBN,PHL,
ENRILE CAGAYAN,PHL,
PAOMBONG BULACAN,PHL,
PAGADIAN,PHL,
NAGUILIAN LA UNION,PHL,
MANSALAY OR MDO,PHL,
S BARBARA ILOILO,PHL,
DINDIGUL TAMIL NADU,IND,
INITAO MIS OR,PHL,
BACUJAG SGO DN,PHL,
SAN JUAN MM,PHL,
MERU,KEN,
MURANG A,KEN,
PAGALUNGAN MGD,PHL,
TAGOLOAN MIS OR,PHL,
ALMERIA LEYTE,PHL,
RIZAL PALAWAN,PHL,
KATAKWI,UGA,
APALIT PAMPANGA,PHL,
OLONGAPO ZBS,PHL,
TRINIDAD BOHOL,PHL,
MLANG COTABATO,PHL,
CHANDIGARH CHANDIGARH,IND,
DONA MATTAR PUNJAB,IND,
NAHARANI RESERVE GRANT ASSAM,IND,
HARIYALA KHEDA GUJARAT,IND,
SEGELE,ETH,
CHAK CHELA PUNJAB,IND,
SANGRUR PUNJAB,IND,
PUTHILA KARNATAKA,IND,
MAYCHEW,ETH,
DEBRETABOR,ETH,
LEMU,ETH,
SHINDI,ETH,
GOJJAM,ETH,
NAGELE BOREN,ETH,
PALPA,NPL,
CHARIK PUNJAB,IND,
DOSTPUR BIHAR,IND,
NUWAKOT,NPL,
PALANGKARAYA,IDN,
NORYMBERGA,PHL,
IGANGA,UGA,
GEMBE,ETH,
DHADING,NPL,
KAVREPALANCHOK,NPL,
SAVLI VADODARA GUJARAT,IND,
YIRGALEM,ETH,
SAN MATEO RIZAL,PHL,
LEGAZPI CITY,PHL,
PASIL KALINGA,PHL,
RAMA KUPPAM ANDHRA PRADESH,IND,
PENABLANCA CAGAYAN,PHL,
GIDOLE,ETH,
KEMBATA TEMBARO,ETH,
MALIKIPURAM ANDHRA PRADESH,IND,
BORE,ETH,
MARINDAL,IDN,
BASEY SAMAR,PHL,
OKTWIN,MMN,
BHOPAL MADHYA PRADESH,IND,
KALANAUR PUNJAB,IND,
ELEMO,ETH,
HORA MENDIR,ETH,
LUPON DVO OR,PHL,
ILOG NEG OC,PHL,
TANTANGAN SO COT,PHL,
DHILWAN PUNJAB,IND,
SALMARA GAON RUPKURIA ASSAM,IND,
LEHAL PUNJAB,IND,
RAM RAUNI PUNJAB,IND,
WETO,ETH,
MUMBAI,IND,
KODUNGALLUR KERALA,IND,
BUGALLON PGN,PHL,
GULEMEKEDA,ETH,
NADALA PUNJAB,IND,
DHUNGDHAR UTTARAKHAND,IND,
NAKASONGOLA,UGA,
GODILANKA ANDHRA PRADESH,IND,
BAGLUNG,NPL,
UJJAIN MADHYA PRADESH,IND,
DEBRE ZEIT,ETH,
PATIALA PUNJAB,IND,
SEMAPUR BINJI BIHAR,IND,
AMRITSAR PUNJAB,IND,
MADALAG AKLAN,PHL,
MIDSAYAP COTABATO,PHL,
BEN GUERIR,MAR,
LUNA ISABELA,PHL,
PIODURAN ALBAY,PHL,
PULBAZAR WEST BENGAL,IND,
KUMBAKONAM TAMIL NADU,IND,
KOVVURU ANDHRA PRADESH,IND,
RAMESWARAM ANDHRA PRADESH,IND,
KANCHIYAR KERALA,IND,
TOAMASINA,MDG,
PALAUIG ZAMBALES,PHL,
TIWI ALBAY,PHL,
RIZAL N ECIJA,PHL,
CAVINTI LAGUNA,PHL,
KULAR PUNJAB,IND,
CHUVANNUMANNU KERALA,IND,
SANTA ROSA NUEVA ECJ,PHL,
ACHHAM,NPL,
ARAYAT PAMPANGA,PHL,
MASINLOC ZBS,PHL,
SAN FERNANDO PAMP,PHL,
BALAGTAS BULACAN,PHL,
NORALA SO COT,PHL,
LAMBUNAO ILOILO,PHL,
JIMENEZ MIS OC,PHL,
SN GUILLERMO ISA,PHL,
SIDDAKATTE KARNATAKA,IND,
JASAAN MIS OR,PHL,
DINGRAS ILOCOS NO,PHL,
MAGALANG PMP,PHL,
DUMANGAS ILOILO,PHL,
HUMERA,ETH,
ASSELA,ETH,
SHOWA,ETH,
MIESO,ETH,
SIBONGA CEBU,PHL,
DUMALAG CAPIZ,PHL,
PASAY RIZAL,PHL,
ABULUG CAGAYAN,PHL,
ZARRAGA ILOILO,PHL,
BEKASI,IDN,
MAASIN ILOILO,PHL,
TINGLAYAN KALINGA,PHL,
TINGLAYAN K APO,PHL,
NUMANCIA AKLAN,PHL,
PARANG MGD,PHL,
MAITUM SARANGANI,PHL,
ST BERNARD S LTE,PHL,
GUIUAN E SAMAR,PHL,
SAGUDAY QUIRING,PHL,
SAN RAFAEL BUL,PHL,
CARAMORAN CDS,PHL,
NANDI NORTH,KEN,
TRANSMARA,KEN,
MOLO,KEN,
KITOVU,UGA,
TALIBON BOHOL,PHL,
SN FRANCISCO CEB,PHL,
SAN MATEO ISABELA,PHL,
BUFUMBO,UGA,
SUBA,KEN,
MUTASA,ZWE,
KAWANDA,UGA,
DOLORES E SAMAR,PHL,
DUENAS ILOILO,PHL,
WOLIDIYA,ETH,
MAKATI CITY,PHL,
VIGA CATANDUANES,PHL,
VILLAVICIOSA ABR,PHL,
LUTAYAN S KUDARAT,PHL,
STA FE N VIZ,PHL,
IROSIN SORSOGON,PHL,
MARAGUSAN DAVAO,PHL,
MAITUM SO COT,PHL,
DIVILACAN ISA,PHL,
SAN NARCISO QZN,PHL,
CANLAON CITY,PHL,
SIGMA CAPIZ,PHL,
BONGABONG OR MDO,PHL,
MAMBURAO OC MDO,PHL,
KABACAN COTABATO,PHL,
SILANG CAVITE,PHL,
POLOMOLON SO COT,PHL,
HALABA,ETH,
BENAVENTE SANTAREM,RUS,
ANTIPAS COT,PHL,
BARAS CATANDUANES,PHL,
LUGARI KEN,KEN,
LAIKIPIA WEST,KEN,
AMBERNATH MAHARASHTRA,IND,
GATUNDU KEN,KEN,
NAKURU NORTH KEN,KEN,
KIAMBU WEST,KEN,
NAIROBI KEN,KEN,
LEKU,ETH,
PARIS,ARM,
RAGAY CAM SUR,PHL,
BOGOTA COL,COL,
MERCEDES ISABELA,PHL,
KAPATAGAN LDN,PHL,
VILLANUEVA MS OR,PHL,
TACLOBAN CITY,PHL,
DAO CAPIZ,PHL,
MAASIN SO LEYTE,PHL,
CANDELARIA QZN,PHL,
ANGONO RIZAL,PHL,
JAEN NUEVA ECIJA,PHL,
ROXAS ISABELA,PHL,
USON MASBATE,PHL,
LIBERTAD ANTIQUE,PHL,
PITOGO ZAM DS,PHL,
MATARA,LKA,
AMLAN NEG OR,PHL,
NILDANDAHINNA,LKA,
KAWAYAN BILIRAN,PHL,
STA MARIA LAGUNA,PHL,
NAROK,KEN,
RAZOLE ANDHRA PRADESH,IND,
SOUTH WOLLO,ETH,
MALALAG DVO DS,PHL,
KABANKALAN CITY,PHL,
TASHKENT REGION,UZB,
JAIGAON WEST BENGAL,IND,
HOSHIARPUR PUNJAB,IND,
MANJUYOD NEG OR,PHL,
LAGUINDINGAN M O,PHL,
S DALAGA MIS OC,PHL,
CORDOVA CEBU,PHL,
MAUBAN QUEZON,PHL,
SAMBOAN CEBU,PHL,
GUMLA JHARKHAND,IND,
SALEMPUR MASANDAN PUNJAB,IND,
PATHANAMTHITTA KERALA,IND,
TRICHY TAMIL NADU,IND,
TAKHTU CHAK PUNJAB,IND,
KARAR WALA PUNJAB,IND,
SUNAM PUNJAB,IND,
BARCELONA,ESP,
LAKE SEBU SO COT,PHL,
KITCHARAO ADN,PHL,
DOLORES QUEZON,PHL,
MANTICAO MIS OR,PHL,
NYANDARUA NORTH,KEN,
INDANAN SULU,PHL,
BATAC ILS NO,PHL,
LIBUNGAN COTABATO,PHL,
STO DOMINGO I S,PHL,
MOALBOAL CEBU,PHL,
BUENAVISTA ILOILO,PHL,
MACARTHUR LEYTE,PHL,
TALAKAG BKN,PHL,
KURIA,KEN,
CAMALANIUGAN CAG,PHL,
KYAMULINGA,UGA,
PORTO NOVO,SLE,
TALALORA SAMAR,PHL,
SAN LUIS ADS,PHL,
BALO-I LANAO DN,PHL,
DANGCAGAN BKN,PHL,
IBAAN BATANGAS,PHL,
DINGALAN AURORA,PHL,
INOPACAN LEYTE,PHL,
BURGOS ILS SR,PHL,
MACALELON QUEZON,PHL,
PAGSANJAN LAGUNA,PHL,
CABIAO NUEVA ECIJA,PHL,
B SOLIVEN ISABELA,PHL,
MABINI BATANGAS,PHL,
RT ROMUALDEZ ADN,PHL,
SN ILDEFONSO BUL,PHL,
MIDSAYAP NO COT,PHL,
GUIHULNGAN NEG,PHL,
ALEOSAN NO COT,PHL,
CAMILING TARLAC,PHL,
ARITAO N VIZ,PHL,
DUPAX DS N VIZ,PHL,
MANDAUE CEBU,PHL,
CARANGAN CAM SUR,PHL,
PASUQUIN ILS NO,PHL,
TAYUM ABRA,PHL,
HARER,ETH,
KHUNTI JHARKHAND,IND,
TAYUG PANGASINAN,PHL,
MA AURORA AURORA,PHL,
CAINTA RIZAL,PHL,
CABUCGAYAN LEYTE,PHL,
GAMAY NO SAMAR,PHL,
GUINAYANGAN QZN,PHL,
GAPAN CITY,PHL,
NOVELETA CAVITE,PHL,
MONCADA TARLAC,PHL,
BATU,ETH,
DUNA,ETH,
BIYO BISEKE,ETH,
ROBE,ETH,
SERANG,IDN,
BAY LAGUNA,PHL,
AURORA ISABELA,PHL,
SAN MARCISO QZN,PHL,
STA CRUZ DVO DS,PHL,
TUAO CAGAYAN,PHL,
BACOLOD NEG OC,PHL,
NORALA S COTABATO,PHL,
STA ANA PAMPANGA,PHL,
TANGALAN AKLAN,PHL,
AMPATUAN MGD,PHL,
SAN MIGUEL SDS,PHL,
RAPU RAPU ALBAY,PHL,
JARO LEYTE,PHL,
BAGAMANOC CDS,PHL,
BAIS CITY,PHL,
MALITA DVO DS,PHL,
ROSALES PGN,PHL,
ARTECHE E SAMAR,PHL,
BAGAC BATAAN,PHL,
CLAVERIA MASBATE,PHL,
SIBAGAT ADS,PHL,
MARIKINA MM,PHL,
BUENAVISTA GMR,PHL,
MADRIDEJOS CEBU,PHL,
SAN FERNANDO RBN,PHL,
PALANAN ISABELA,PHL,
BUNAMASA,UGA,
NAMAGOMA,UGA,
BAHATI KEN,KEN,
MURANGA KEN,KEN,
MACABEBE PMP,PHL,
WAYANAD KERALA,IND,
KIBIBI,UGA,
DANGILA,ETH,
BOMBAY MAHARASHTRA,IND,
KALILANGAN BKN,PHL,
IGBARAS ILOILO,PHL,
ALUVA KERALA,IND,
S KUDARAT MGD,PHL,
CALINTAAN OC MDO,PHL,
STO NINO CAGAYAN,PHL,
TAYTAY PALAWAN,PHL,
GEN TRIAS CAVITE,PHL,
SAN AGUSTIN RBN,PHL,
MEKELLE,ETH,
YEHA,ETH,
WELLEGA,ETH,
ASELLA,ETH,
MUSIDUNA,ETH,
KYRGYZ REPUBLIC,KGZ,
MANMAD MAHARASHTRA,IND,
KOLTHANG SIKKIM,IND,
BHANDUP MUMBAI MAHARASHTRA,IND,
BHIMAVARAM ANDHRA PRADESH,IND,
DILA,ETH,
GOJAM,ETH,
NORTH WOLLO,ETH,
FOGERA,ETH,
GALESA,ETH,
ABAREBO,ETH,
SAN SIMON PMP,PHL,
LIBONA BUKIDNON,PHL,
PAMBUJAN NO SMR,PHL,
GEDEO,ETH,
CANDABA PAMPANGA,PHL,
MLANG COT,PHL,
NSAMBYA,UGA,
ALCANTARA ROMBLON,PHL,
S MAGDALENA SSG,PHL,
CASTILLA SSG,PHL,
CARMEN DVO DN,PHL,
VIRAC CDS,PHL,
STA JOSEFA ADS,PHL,
BALAMBAN CEBU,PHL,
NYAMACHE KEN,KEN,
WEDZA,ZWE,
DAET CAM NO,PHL,
BATILEJANA,ETH,
SHODRA,ETH,
MIDA,ETH,
SALUG ZAM DN,PHL,
BAHIRDAR,ETH,
DEGUA TEMBEN,ETH,
MERIDA LEYTE,PHL,
PAETE LAGUNA,PHL,
NARSAPURAM ANDHRA PRADESH,IND,
KAPALONG DVO DN,PHL,
KERKICHO,ETH,
HAWASA,ETH,
WONDOGENET,ETH,
ALELTU,ETH,
ALABA,ETH,
WEKEN,ETH,
WUKRO,ETH,
SHAYA,ETH,
GELANGUDA,ETH,
SHENO,ETH,
HAGERESELAM,ETH,
JP CAM NO,PHL,
SHIRIE,ETH,
BADIANGAN ILOILO,PHL,
HINDANG LEYTE,PHL,
TORRIJOS MDQ,PHL,
NARVACAN ILS SR,PHL,
CAMALIG ALBAY,PHL,
GAMBELLA,ETH,
KATTOOR KERALA,IND,
OMOSHORA,ETH,
KOSHA,ETH,
DEBRE BRHAN,ETH,
MOYALE,ETH,
GENA,ETH,
NAGUILIAN ISA,PHL,
KHARIAR ODISHA,IND,
CUENCA BATANGAS,PHL,
MUTOKO,ZWE,
NAGTIPUNAN QRN,PHL,
CARLES ILOILO,PHL,
CANAMAN CAM SUR,PHL,
PUTHUSSERIMUKKU KERALA,IND,
BOTA ANNEX HOSPITAL,CMR,
MOMBASA,KEN,
GOBESA,ETH,
KUYERA,ETH,
BURI RAM,THA,
ENTCHO,ETH,
RUDAULI UTTAR PRADESH,IND,
CHANGANASSERY KERALA,IND,
PILI CAM SUR,PHL,
MUTOMO,KEN,
GIGAQUIT SGO DN,PHL,
KIAMBA SARANGANI,PHL,
KENYENYA,KEN,
TIPOTIPO BASILAN,PHL,
KURRAM AGENCY PAK,PAK,
EJERE,ETH,
AFTR,ETH,
GURO,ETH,
AMEYA,ETH,
ARINO,ETH,
GAZO,ETH,
BESHOFITU,ETH,
GARUR UTTARAKHAND,IND,
CONCEPCION RBN,PHL,
DUMARAO CAPIZ,PHL,
MAGSAYSAY ISA,PHL,
ALABEL SARANGANI,PHL,
LINGAYEN PGN,PHL,
GD PILAR ILS SR,PHL,
ALOGUINSAN CEBU,PHL,
GALLE,LKA,
BARIRA MGD,PHL,
MANGALURU KARNATAKA,IND,
KABAROLE,UGA,
KALLABETTU KARNATAKA,IND,
ANTANAMBAO ANDOHATAPENAKA,MDG,
MONTEVISTA DAVAO,PHL,
NAIVASHA,KEN,
WUKIRO,ETH,
HURLUNG BOKARO JHARKHAND,IND,
GONIGODA,LKA,
S CARLOS CITY NEG,PHL,
BIR ENNASRE,MAR,
WEST HARARGE,ETH,
LAPU-LAPU CEBU,PHL,
BACON SORSOGON,PHL,
IMELDA ZAM DS,PHL,
MILAOR CAM SUR,PHL,
BULACAN BULACAN,PHL,
CIANJUR,IDN,
STA CRUZ OC MDO,PHL,
T FORNIER ATQ,PHL,
PAMPLONA NEG OR,PHL,
MAYANTOC TARLAC,PHL,
ANGAT BULACAN,PHL,
JOLO SULU,PHL,
LINGIG SGO DS,PHL,
WOLAYITA,ETH,
DEBRE BIRHAN,ETH,
KEITUM MIZORAM,IND,
HARAGAMA,LKA,
PRES ROXAS CAPIZ,PHL,
VILPATHA,LKA,
SAN PABLO LAGUNA,PHL,
AHMEDABAD GUJARAT,IND,
BADIAN CEBU,PHL,
SINDHULI,NPL,
KADIYANGAD KERALA,IND,
TADEPALLIGUDEM ANDHRA PRADESH,IND,
HARDASPUR PUNJAB,IND,
WEHERAYAYA,LKA,
MIRIK WEST BENGAL,IND,
CHHATTAR HIMACHAL PRADESH,IND,
TUBOD LANAO DN,PHL,
LUPANE,ZWE,
PALIMBANG S KUD,PHL,
LAZI SIQUIJOR,PHL,
MALABANG LDS,PHL,
TAMPARAN LDS,PHL,
NAGUILIAN LAU,PHL,
SN JOSE BATANGAS,PHL,
SAN LUIS AURORA,PHL,
MATANOG MGD,PHL,
TALAYAN MGD,PHL,
CHAUNG U,MMN,
TALUSAN ZAM DS,PHL,
SN JUAN LA UNION,PHL,
KOTTAYAM KERALA,IND,
ILAM,NPL,
JHAPA,NPL,
KAKINADA ANDHRA PRADESH,IND,
COCHIN KERALA,IND,
RAYIA PUNJAB,IND,
THATHI PUNJAB,IND,
POKOT WEST,KEN,
TAAL BATANGAS,PHL,
ISINGIRO,UGA,
KIAMBU KEN,KEN,
SOMINOT ZAM DS,PHL,
NYERI KEN,KEN,
RIZAL ZAM DN,PHL,
QUEZON N ECIJA,PHL,
KIRUHURA,UGA,
PUDUCHERRY PUDUCHERRY,IND,
HMA WBY,MMN,
PHAYAO,THA,
CHHAYA PORBANDAR GUJARAT,IND,
UPPER BAGDOGRA WEST BENGAL,IND,
RAJKOT GUJARAT,IND,
WEST SINGHBHUM JHARKHAND,IND,
UMARI BIHAR,IND,
MOODBIDRI KARNATAKA,IND,
BYAKUDU KARNATAKA,IND,
ALICIA ZAM DS,PHL,
T MARTIRES CAV,PHL,
AROOR KARNATAKA,IND,
HEIROK MANIPUR,IND,
SAN JOSE TARLAC,PHL,
BINDURA,ZWE,
ETTUMUNA KERALA,IND,
RAJA SANSI PUNJAB,IND,
KOLAR KARNATAKA,IND,
MATALE,LKA,
HOWRAH WEST BENGAL,IND,
DARJEELING WEST BENGAL,IND,
MURANGA SOUTH,KEN,
KALIMPONG,IND,
KARKALA KARNATAKA,IND,
NAWALPARASI,NPL,
UDAYAPUR,NPL,
BAINCHI WEST BENGAL,IND,
MUNTINLUPA CITY,PHL,
HADIPUR WEST BENGAL,IND,
BARAMULLA JAMMU AND KASHMIR,IND,
MINALABAC CAM S,PHL,
CALAPAN OR MDO,PHL,
OLUTANGA ZAM DS,PHL,
BURAUEN LEYTE,PHL,
VASAI MAHARASHTRA,IND,
DIKSIS MURETCHA,ETH,
KONIBAL PAMPORE JAMMU AND KASHMIR,IND,
DERA,ETH,
YERER,ETH,
WOLLEGA,ETH,
KAYAMKULAM KERALA,IND,
SHINILE,ETH,
IRAMBA,TZA,
SHRARO,ETH,
THIRUVALLA KERALA,IND,
VERKA AMRITSAR PUNJAB,IND,
BACHHIPUR DHAMOLA UTTARAKHAND,IND,
KHALWARA PUNJAB,IND,
DELHI DELHI,IND,
MADURAI TAMIL NADU,IND,
PALAYAMKOTTAI TAMIL NADU,IND,
ELPITIYA,LKA,
GUNUNGKIDUL,IDN,
BHANDARKURA WEST BENGAL,IND,
JANIUAY ILOILO,PHL,
WEST WOLLEGA,ETH,
S BULLONES BOHOL,PHL,
CANTILAN SGO DS,PHL,
KASIBU N VIZ,PHL,
IKARE,NGA,
AGUINALDO IFUGAO,PHL,
CHEGUTU,ZWE,
MALVAR BATANGAS,PHL,
PARANG MAGUINDANAO,PHL,
DOLU,ETH,
BANATE ILOILO,PHL,
WONJI KURIFTU,ETH,
ALEMBER,ETH,
SILIGURI WEST BENGAL,IND,
LIDLIDDA ILS SR,PHL,
RAMRAJ UTTAR PRADESH,IND,
STA ANA CAGAYAN,PHL,
ARALAN KERALA,IND,
NATAL,BRA,
DIPOLOG CITY,PHL,
CHOTTANIKKARA KERALA,IND,
LUTEETE,UGA,
CEBU CITY CEBU,PHL,
LIPA BATANGAS,PHL,
WERELEKE,ETH,
TUBAY ADN,PHL,
SHAMVA,ZWE,
HINIGARAN N OC,PHL,
BULATHKOHUPITIYA,LKA,
ITOGON BENGUET,PHL,
GUCHA SOUTH,KEN,
PHAGWARA PUNJAB,IND,
BAYUCAN ADS,PHL,
S N AQUINO S KUD,PHL,
CABUSAO CAM SUR,PHL,
MONTEVISTA COMV,PHL,
MAASIM SARANGANI,PHL,
BADAGARA KERALA,IND,
PASAY METRO MANILA,PHL,
MIAGAO ILOILO,PHL,
SAN ISIDRO ISABELA,PHL,
MABINI DAVAO,PHL,
PENABLANCA CAG,PHL,
KATIPUNAN ZAM DN,PHL,
MANAY DVAO OR,PHL,
ALAMADA COTABATO,PHL,
CAN AVID E SAMAR,PHL,
SAN JOSE NEG OR,PHL,
CULABA LEYTE,PHL,
LILIW LAGUNA,PHL,
RVTH BANJUL,AZE,
LAGANGILANG ABRA,PHL,
GUCHA,KEN,
PALLISA,UGA,
CULASI ANTIQUE,PHL,
AURORA ZAM DS,PHL,
PILA LAGUNA,PHL,
T MARTIRES CITY,PHL,
SIBALOM ANTIQUE,PHL,
LORETO ADS,PHL,
KOUTABA,CMR,
DAANBANTAYAN CEB,PHL,
MORONG BATAAN,PHL,
CAIBIRAN LEYTE,PHL,
LUMBAN LAGUNA,PHL,
NAVOTAS RIZAL,PHL,
ITBAYAT BATANES,PHL,
CHOLE,ETH,
KAWULAELO,ETH,
JEPARA,IDN,
MACO DAVAO,PHL,
BANGUI ILOCOS N,PHL,
SAN CLEMENTE TLC,PHL,
VALENZUELA CITY,PHL,
BURGOS ISABELA,PHL,
SIKAR RAJASTHAN,IND,
GUIMBAL ILOILO,PHL,
BUHERA,ZWE,
MARONDERA,ZWE,
JAGNA BOHOL,PHL,
PANGUTARAN SULU,PHL,
METU,ETH,
MASAKA,UGA,
MUBENDE,UGA,
NYENGA,UGA,
TRANS NZOIA,KEN,
MAPANAS NO SAMAR,PHL,
EAST LUNGDAR MIZORAM,IND,
CHOMBALA KERALA,IND,
RAIGAD MAHARASHTRA,IND,
KUYARA,ETH,
LOMBOK TENGAH,IDN,
SAN ANDRES CDS,PHL,
MRIZIG MAROC,MAR,
FORTKOCHI KERALA,IND,
PANGANIBAN CDS,PHL,
NUWARA ELIYA,LKA,
GODA DERA,ETH,
WEREILU,ETH,
FORMOSA GO,BRA,
LANGIANA PURANA PUNJAB,IND,
KAIPAMANGALAM KERALA,IND,
KOLATHUR TAMIL NADU,IND,
SAMARKAND REGION,UZB,
MAKAWANPUR,NPL,
RUPANDEHI,NPL,
ANBO,ETH,
NAZIGO,UGA,
LAAK DAVAO,PHL,
MBALE,UGA,
TALATAMATY,MDG,
UDUPI KARNATAKA,IND,
ZIWAY,ETH,
MANIMALA KERALA,IND,
KURRAM PAK,PAK,
SENDAFA,ETH,
BHUCHO MANDI PUNJAB,IND,
HONAVAR KARNATAKA,IND,
ADADI,ETH,
KOLOBO,ETH,
GOJI,ETH,
ADIGRAT,ETH,
JIGJIGA,ETH,
KOREM,ETH,
NAZARETH,ETH,
TUME,ETH,
FENDEKA,ETH,
MESENA BAKO,ETH,
AFLAO,TZA,
WOLMERA,ETH,
KOSHE,ETH,
WELISO,ETH,
KUSAYE,ETH,
CHIVHU,ZWE,
WACHELE,ETH,
ASOSA,ETH,
SAMRE,ETH,
ATHUR KARNATAKA,IND,
DEBREMARKOS,ETH,
GORENJ,ETH,
TRIPLICANE TAMIL NADU,IND,
KAUSHAMBI UTTAR PRADESH,IND,
PUNALUR KERALA,IND,
DERA GHAZI KHAN,PAK,
ANAPETTY KERALA,IND,
CHIRAYINKEEZHU KERALA,IND,
KADUGANNAWA,LKA,
PUDUKKOTTAI TAMIL NADU,IND,
WONDO GENET,ETH,
KOLLADA KERALA,IND,
MANAKADAVU KERALA,IND,
KAILAL,NPL,
SAMRALA PUNJAB,IND,
D MARCELINO DDS,PHL,
MERU CENTRAL KEN,KEN,
LWENGO,UGA,
WOLLISO,ETH,
KUNNAMKULAM KERALA,IND,
TRIVANDRUM KERALA,IND,
MALA KERALA,IND,
MALAPATAN SRN,PHL,
S ENRIQUE ILOILO,PHL,
SAMARA,ETH,
PINAMALAYAN OR MDD,PHL,
BALUD MASBATE,PHL,
ATOK BENGUET,PHL,
SAN FELIPE ZBS,PHL,
BALE ROBE,ETH,
ZEWAY,ETH,
KUMBALANGHI KERALA,IND,
MINALIN PAMPANGA,PHL,
PANABO DAVAO,PHL,
GUINOBATAN ALBAY,PHL,
PANUKULAN QUEZON,PHL,
TUBO ABRA,PHL,
BOKKAWALA,LKA,
PAKHOWAL PUNJAB,IND,
SHASHAMENE,ETH,
CHINHOYI,ZWE,
GERBE GURACHA,ETH,
DEKE BORA,ETH,
MBERENGWA,ZWE,
TESO KEN,KEN,
THIRUVANANTHAPURAM KERALA,IND,
CHERUKOTTUKONAM KERALA,IND,
NEDUNGAPRA KERALA,IND,
THABORE KERALA,IND,
OTTUPATTI TAMIL NADU,IND,
CHATHANKARY KERALA,IND,
PALLOM KERALA,IND,
FINCHA,ETH,
AMJAYE,ETH,
ADAA,ETH,
ALGE,ETH,
KERICHO,KEN,
MABINAY NEGROS OR,PHL,
ARUKALIKKAL EAST KERALA,IND,
DEBRE ZIT,ETH,
SARDAREWALA HARYANA,IND,
PAINGOTTOOR KERALA,IND,
PUTHANPEEDIKA KERALA,IND,
KONAKALAGALA,LKA,
ERNAKULAM KERALA,IND,
KURAVANTHAVALAM KERALA,IND,
SALALPUR WEST BENGAL,IND,
GORKHA,NPL,
KAIKALURU ANDHRA PRADESH,IND,
KALYAN PUNJAB,IND,
NAMALEMBA,UGA,
KANDAR GAON MALLA UTTARAKHAND,IND,
KODIBAIL KERALA,IND,
HOMAGAMA,LKA,
GADAG KARNATAKA,IND,
CIREBON,IDN,
NARASAPURAM ANDHRA PRADESH,IND,
VELLORA KERALA,IND,
KOCHI KERALA,IND,
ANDOORKONAM KERALA,IND,
BATO CATANDUANES,PHL,
HARIL JHARKHAND,IND,
SUKABUMI,IDN,
METRO MANILA,PHL,
NAVI MUMBAI MAHARASHTRA,IND,
NTUNGAMO,UGA,
MAKONI,ZWE,
SANKA,ETH,
TAPLEJUNG,NPL,
VINTAR ILOCOS N,PHL,
BARIRA MAGUINDANAO,PHL,
G IVANOVO USSR,RUS,
KALOL PANCHMAHALS GUJARAT,IND,
DERAGOT,ETH,
LEMO,ETH,
SAN CARLOS N OC,PHL,
DURAME,ETH,
ADILO,ETH,
ALVARO OBREGON DISTRITO FEDERAL,MEX,
OBILI ANDHRA PRADESH,IND,
DICKWELLA,LKA,
KALUBOWILA,LKA,
WEST SHEWA,ETH,
HARO,ETH,
BEDELE,ETH,
FITCHE,ETH,
CHILGA,ETH,
SELALE,ETH,
SHONE,ETH,
ARAGESA,ETH,
ASENDABO,ETH,
AWI,ETH,
CLAVER SGO DN,PHL,
KADINGILAN BKN,PHL,
INDURUWA,LKA,
KERSA,ETH,
MECHARA,ETH,
ADEA,ETH,
KODANI KARNATAKA,IND,
SAN VICENTE DAVAO,PHL,
KUHA,ETH,
AWASSA,ETH,
JIGA,ETH,
MAKISEGNIT,ETH,
GODER,ETH,
ADWA,ETH,
DUBTI,ETH,
GUBAT SORSOGON,PHL,
KOLHAPUR MAHARASHTRA,IND,
KASKI,NPL,
THANGADH GUJARAT,IND,
KALLUVATHUKKAL KERALA,IND,
RATNAGIRI MAHARASHTRA,IND,
MAPUSA GOA,IND,
KOTTIYOOR KERALA,IND,
FATEHGARH PANJGRIAN PUNJAB,IND,
DARAGA ALBAY,PHL,
P PRINCE CITY,PHL,
ARINGAY LA UNION,PHL,
SN FRANCISCO QZN,PHL,
LAMBA PIND PUNJAB,IND,
MERU SOUTH KEN,KEN,
SIDNAL KARNATAKA,IND,
MAHUNWAL JALANDHAR PUNJAB,IND,
ZIRA PUNJAB,IND,
MALAKPUR PUNJAB,IND,
LAOAG CITY,PHL,
GEN NAKAR QUEZON,PHL,
DOMINICAN REPUBLIC,DZA,
TADIAN MT PRO,PHL,
TADIPALLI ANDHRA PRADESH,IND,
VALLUVALLY KERALA,IND,
LUBA ABRA,PHL,
MANAPLA N OC,PHL,
SABTE,ETH,
MIUSAYAP COTABATO,PHL,
LA PAZ ADS,PHL,
CHACHA,ETH,
DUPAK DN N VIZ,PHL,
KIBWEZI KEN,KEN,
KEBADO,ETH,
GERENO,ETH,
NASEBO,ETH,
GELAN GUDA,ETH,
JAWI CHILALO,ETH,
DEBREWORK,ETH,
ALAWWA,LKA,
B KANABUR KARNATAKA,IND,
DODOLA,ETH,
ALEMKETEMA,ETH,
AYIRANALLOOR KERALA,IND,
DEBRETSIGE,ETH,
TARANGNAN SAMAR,PHL,
GUAYMATE RD,IND,
RAMOS TARLAC,PHL,
MAJALENGKA,IDN,
WOTO,IDN,
ZVISHAVANE,ZWE,
TALISAY CITY,PHL,
KYEGEGWA,UGA,
GULOMEKEDA,ETH,
MUTE FECHA,ETH,
ADAMI TULU,ETH,
KEIYO,KEN,
JEJU,ETH,
ENDRAS,ETH,
BALI ABO,ETH,
DANAMA,ETH,
GECHI,ETH,
SN MIGUEL ILOILO,PHL,
HAWARYAT,ETH,
GUBALAFTO,ETH,
YECHILA,ETH,
ENEMAY,ETH,
WOREILU,ETH,
BICHENA,ETH,
GARA,ETH,
WOALITA,ETH,
BELE,ETH,
UZB,IND,
DEGAGA,ETH,
GOHA TSION,ETH,
RIZAL NUEVA ECIJA,PHL,
HOSSAHNA,ETH,
TINGLAYAN KGA,PHL,
DALOCHA,ETH,
MBEERE,KEN,
BATO LEYTE,PHL,
PASTRANA LEYTE,PHL,
TAYABAS QUEZON,PHL,
TUPI S COTABATO,PHL,
KASANGATI,UGA,
CALATRAVA N OC,PHL,
ALOOR KERALA,IND,
EAST GOJJAM,ETH,
ENARJ ENAWUGA,ETH,
TUGAYA LDS,PHL,
KABUNTALAN SKBS,PHL,
HUNGDUAN IFUGAO,PHL,
MABALACAT PAMPANGA,PHL,
PAKIL LAGUNA,PHL,
CONCEPCION ILO,PHL,
MUNTINLUPA RIZAL,PHL,
KHAJAKHERA HARYANA,IND,
FARYAB,UGA,
ALEMGENA,ETH,
KINONDONI,TZA,
TUBLAY BENGUET,PHL,
POLANCO ZAM DN,PHL,
MATALAM N COT,PHL,
MAGARAO CAM SUR,PHL,
SANTIAGO ADN,PHL,
VICTORIA NO SMR,PHL,
SIOCON ZAM DN,PHL,
NGENDA,KEN,
D O SINSUAT MGD,PHL,
KAUSMAGAN LDN,PHL,
MALITBOG BKN,PHL,
SHRINGERI KARNATAKA,IND,
STO NINO SAMAR,PHL,
BANDUNG,IDN,
PUTTADY KERALA,IND,
MBANGA,CMR,
KIGUMO,KEN,
MYAGDI,NPL,
MAITUM S COTABATO,PHL,
BARDIYA,NPL,
GERONA TARLAC,PHL,
DUMAGUETE CITY N OR,PHL,
NATIVIDAD PGN,PHL,
DOUALA,CMR,
SAN JACINTO PGN,PHL,
NACUILIAN ISA,PHL,
KANDY,LKA,
SRI KOT TEHRI GARHWAL UTTARAKHAND,IND,
TEGEDE,ETH,
GOLOLCHA,ETH,
YEM,ETH,
ABEMO,ETH,
YAOUNDE,CMR,
PIKIT COTABATO,PHL,
KOIBATEK,KEN,
TALWANDI MANGE KHAN PUNJAB,IND,
ARSI SOLE,ETH,
WAGEBETA,ETH,
TIRAHINA,ETH,
HABE,ETH,
NELLIMATTOM KERALA,IND,
RANNI PERUNAD KERALA,IND,
BERETA,ETH,
AMBASEL,ETH,
META,ETH,
QUEZON PALAWAN,PHL,
SABTANG BATANES,PHL,
GOLBANA,ETH,
LIBEN CHUKALA,ETH,
CUARTERO CAPIZ,PHL,
BAYOMBONG,PHL,
NYERI CENTRAL,KEN,
COMPOSTELA DAVAO,PHL,
BECHOK,ETH,
GIDA AYANA,ETH,
MANENGOLE,CMR,
R MAGSAYSAY ZDS,PHL,
KHAMGAON MAHARASHTRA,IND,
SN RAFAEL ILOILO,PHL,
ST DOMINGO ALBAY,PHL,
MAHOTTARI,NPL,
KALAVAPUDI ANDHRA PRADESH,IND,
CORTES BOHOL,PHL,
MABINAY NEG ON,PHL,
S OSMENA SR ZDN,PHL,
CURRIMAO ILS NO,PHL,
CASTILLEJOS ZBS,PHL,
TIANJIN,PHL,
KUMASI,TZA,
DUMARAN PALAWAN,PHL,
RATNAPURA,LKA,
OCANA COL,COL,
BELIATTA,LKA,
MASABA SOUTH,KEN,
KORE,ETH,
MAPUTO,COL,
GUDER,ETH,
SUKU,ETH,
BAKE,ETH,
GEJA,ETH,
HINTALO,ETH,
WELLAMPITIYA,LKA,
BALAPITIYA,LKA,
CABANATUAN NE,PHL,
GORUBATHAN WEST BENGAL,IND,
KULIYAPITIYA,LKA,
PANELA KARNATAKA,IND,
LAKKAVARAM ANDHRA PRADESH,IND,
CHIREDZI,ZWE,
PIKIT NO COT,PHL,
GE AGUINALDO CAV,PHL,
SIPALAY N OC,PHL,
SAN MARIANO DAVAO,PHL,
TALISAYAN MIS OR,PHL,
DIDIMTU,ETH,
NAGA ZAM DS,PHL,
TAGO SGO DS,PHL,
BUYUKADA,TKM,
SHANTIGRAM WEST BENGAL,IND,
ALFONSO CAVITE,PHL,
SINACABAN MIS OC,PHL,
GOKWE,ZWE,
PILAR BOHOL,PHL,
ANTIPOLO CITY,PHL,
SHEBE,ETH,
FALIARIVO AMBANIDIA,MDG,
MERTOLEMARIAM,ETH,
TAJIKISTAN,TJK,
CHEMBA,TZA,
AMBO WUHA,ETH,
LILA BOHOL,PHL,
PINAN ZAM DN,PHL,
MAHAJANGA,MDG,
SAN PASCUAL BTS,PHL,
MIDSALIP ZAM DS,PHL,
MAGDALENA SSG,PHL,
DENEMA,ETH,
CAPAS TARLAC,PHL,
URDANETA CITY,PHL,
BACARRA ILS NO,PHL,
AVANAVANCHERY KERALA,IND,
AGOUA,CIV,
VAMANJOOR KARNATAKA,IND,
BUUG ZAM DS,PHL,
BASUD CAM NO,PHL,
BALER AURORA,PHL,
SANTOL LA UNION,PHL,
BURETI,KEN,
GEN TINIO,PHL,
NYABIRONGO,UGA,
BULALACAO OR MDO,PHL,
KAZAKHSTAN,KAZ,
ILALA CBD,TZA,
RUSHINGA,ZWE,
NAWANPIND SHONKIA PUNJAB,IND,
ASHUTE,ETH,
MA AURORA QUEZON,PHL,
J DALMAN ZAM DN,PHL,
CARCAR,PHL,
MUTARE,ZWE,
MARIBOJOC BOHOL,PHL,
SAL LAPADAN ABRA,PHL,
ARBA JHORABAHAL ODISHA,IND,
SULOP DAVAO DS,PHL,
MALANGAS ZAM SB,PHL,
NUNUNGAN LDN,PHL,
GOA CAM SUR,PHL,
LILOAN CEBU,PHL,
PANGIL LAGUNA,PHL,
VILANKUPPAM TAMILNADU,IND,
EDAVANNAPPARA KERALA,IND,
CABIAO N ECIJA,PHL,
NAVAL BILIRAN,PHL,
STA RITA PMP,PHL,
DAMULOG BUKIDNON,PHL,
LARENA SIQUIJOR,PHL,
SAN PABLO ZAM DS,PHL,
MANGAD KERALA,IND,
GATTARAN CAGAYAN,PHL,
DAANBANTAYAN CEBU,PHL,
KALAWIT ZAM DN,PHL,
ANGADANAN ISABELA,PHL,
CASIGURAN QUEZON,PHL,
GEN TINIO NE,PHL,
SAGRAY CAM SUR,PHL,
GLAN SARANGANI,PHL,
SUBIC ZAMBALES,PHL,
BASAY NEG OR,PHL,
FILIRUAL,PHL,
CARMEN ADN,PHL,
SILAY NEG OC,PHL,
TAYSAN BATANGAS,PHL,
ALANGALANG LEYTE,PHL,
LIAN BATANGAS,PHL,
STA ELENA CAM NO,PHL,
DAUIN NEG OR,PHL,
SEGGALYE,UGA,
MAMBAJAO CGN,PHL,
KAIJURI WEST BENGAL,IND,
THENI TAMIL NADU,IND,
BEDWORTH,BRA,
SAN AGUSTIN ISABELA,PHL,
CHHOTA UDAIPUR VADODARA GUJARAT,IND,
MANI KARAN SAHIB HIMACHAL PRADESH,IND,
TALACOGON ADS,PHL,
LAUA-AN ANTIQUE,PHL,
SRINGERI KARNATAKA,IND,
MAASIM SO COT,PHL,
SAN ANTONIO ZBS,PHL,
NEW LUCENA ILOILO,PHL,
KOZHANCHERRY KERALA,IND,
MWINGI,KEN,
BOLINAO PGN,PHL,
PANTABANGAN NE,PHL,
B VIEJO ILOILO,PHL,
PANDIKUDY KERALA,IND,
NYANDO,KEN,
KUMPUL MULYO,IDN,
TINAMBAC CAM SUR,PHL,
PULILAN BULACAN,PHL,
LEMERY BATANGAS,PHL,
GOURINIANI DALOA,CIV,
CLAVERIA CAGAYA,PHL,
CATBALOGAN SAMAR,PHL,
NABUSANKE,UGA,
OULAD FREJ MAROC,MAR,
MANSA PUNJAB,IND,
BAYABAS SGO DS,PHL,
SAN FERNANDO CEBU,PHL,
SECUNDERABAD TELANGANA,IND,
GETAFE BOHOL,PHL,
ALAMINOS LAGUNA,PHL,
ALBUERA LEYTE,PHL,
BARILI CEBU,PHL,
KIBULI,UGA,
IVISAN CAPIZ,PHL,
DANAO CITY,PHL,
DUPA DN N VIZ,PHL,
BANISTAN COTABATO,PHL,
DAUIS BOHOL,PHL,
HERMOSA BATAAN,PHL,
GAPAN NUEVA ECIJA,PHL,
LICAB N ECIJA,PHL,
TACLOBAN LEYTE,PHL,
LAOAC PGN,PHL,
CARMEN DVO,PHL,
TAGKAWAYAN QZN,PHL,
GINGOOG MIS OR,PHL,
PARACALE CAM NO,PHL,
SAN CARLOS CITY,PHL,
BANSUD MDO OR,PHL,
MONKAYO COMV,PHL,
SAPAD LANAO DN,PHL,
CARMEN SDS,PHL,
FBLANCA PAMPANGA,PHL,
VALENCIA BUKIDNON,PHL,
SAN JOSE ANTIQUE,PHL,
CULION PALAWAN,PHL,
ALLACAPAN CAGAYAN,PHL,
MAYUGE HOSPITAL,UGA,
BANNA ILOCOS N,PHL,
SABLAYAN MDO CO,PHL,
YAYO,ETH,
BALE,ETH,
THABAUNG,MMN,
DIMAPUR NAGALAND,IND,
CALAPAN OR MDOD,PHL,
DELHI,IND,
TALAVERA NECIJA,PHL,
ALCANTARA CEBU,PHL,
NAGA CAM SUR,PHL,
MALILIPOT ALBAY,PHL,
BAMBANG N VIZCAYA,PHL,
MAHAYAG ZAM DS,PHL,
MOBO MASBATE,PHL,
MIZANTEFERI,ETH,
HABTUGERI,ETH,
ARSI DERA,ETH,
PANTABANGAN NEPA,PHL,
MEKNES,MAR,
THIRUVAIYARU TAMIL NADU,IND,
BARABANKI UTTAR PRADESH,IND,
DATU SINSUAT MGDE,PHL,
KASESE,UGA,
D G KHAN PAK,PAK,
WAGEBETA HEBA,ETH,
GIRGIRA,ETH,
P QUIRINO S KUD,PHL,
WOLKITE,ETH,
OMO NADA,ETH,
DEHIWALA,LKA,
LAHORE,PAK,
TAIKKYI,MMN,
BATAD ILOILO,PHL,
MIAGAG ILOILO,PHL,
LODE LEMEFO,ETH,
WANGOO MANIPUR,IND,
MUNDALAMA,LKA,
POLPITHIGAMA,LKA,
JAYANTHIPURA,LKA,
RANWALA,LKA,
LEHRA BET PUNJAB,IND,
KAILALI,NPL,
DALUWAKOTUWA,LKA,
MADAHAPOLA,LKA,
MOOCHIPARADHA KERALA,IND,
LUKUNGYIRI,UGA,
DATU SINSUAT MC,PHL,
SHARIFF AGUAK MGD,PHL,
PRESENTACION CAM,PHL,
ANKARA,TKM,
RAMECHHAP,NPL,
ORUMANAYOOR KERALA,IND,
NYAKINEGO,UGA,
SAN LEONARDO NE,PHL,
BAYBAY CITY,PHL,
CONNER K APAYAO,PHL,
NONG KHAI,THA,
WELLAWATTE,LKA,
CHENTRAPPINNI KERALA,IND,
MARCOS ILOCOS NO,PHL,
RATANPUR BIHAR,IND,
WESTHOLD ESTATE,LKA,
GWANDA,ZWE,
THAMBALLAPALLI ANDHRA PRADESH,IND,
SETTAT MAROC,MAR,
BORA,ETH,
BULBULA,ETH,
HARDOI UTTAR PRADESH,IND,
VENKATAGIRI ANDHRA PRADESH,IND,
DEHRADUN UTTARAKHAND,IND,
SUPEE BAGESHWAR,IND,
NSANGI,UGA,
MAGALLANES CAV,PHL,
WALIGAMA,LKA,
WAY KANAN,IDN,
JAMINDAN CAPIZ,PHL,
WELICAMA,LKA,
SAN JACINTO MBT,PHL,
MAYORGA LEYTE,PHL,
SANTA ILOCOS SUR,PHL,
MLANG N COT,PHL,
ROSARIO ADS,PHL,
CAG DE ORO MS OR,PHL,
EDIMAN,LKA,
BARAGOLAI ASSAM,IND,
DAPA SGO DN,PHL,
ALEGRIA SGO DN,PHL,
BATANGAS BTS,PHL,
ORION BATAAN,PHL,
DINGLE ILOILO,PHL,
BALTUAG BULACAN,PHL,
PUTHURUTHY KERALA,IND,
MANAY DVO OR,PHL,
SUDIPEN LA UNION,PHL,
OLENKOMI,ETH,
WERI LEKE,ETH,
RAGAMA,LKA,
TABUK K APAYAO,PHL,
SN FNDO CITY LAU,PHL,
VANIYAMBADI TAMIL NADU,IND,
PALPAL,NPL,
WEST KARBI ANGLONG ASSAM,IND,
KAMSE,ETH,
BULDON MGD,PHL,
SHAMBU,ETH,
KODUGALLUR KERALA,IND,
ACHANTA ANDHRA PRADESH,IND,
VELLATHOOVAL KERALA,IND,
BUSEGA,UGA,
NELLA KOTTA TAMIL NADU,IND,
LALITPUR,NPL,
MATTUMAGALA,LKA,
GONDA UTTAR PRADESH,IND,
DOOMADKA KARNATAKA,IND,
ELAPPARA KERALA,IND,
OTTAPALAM KERALA,IND,
TERETA,ETH,
KAKODA GOA,IND,
KOZHIKODE KERALA,IND,
SAN JOSE CAM SUR,PHL,
SHIHAGOMENGIE,ETH,
GIPORLOS E SAMAR,PHL,
MANNARKKAD KERALA,IND,
SOLSONA ILOCOS N,PHL,
OPOL MIS OR,PHL,
STA CATALINA N OR,PHL,
S LUBOS NO SAMAR,PHL,
JORDAN ILOILO,PHL,
PONNAMKAYAM KERALA,IND,
BURKA WOLMERA,ETH,
ANJAMA,ETH,
BELISON ANTIQUE,PHL,
JHAMAT PUNJAB,IND,
WALASMULLA,LKA,
KALLARA KERALA,IND,
CUMILLA,BGD,
KALACHANDA KERALA,IND,
SUMBAWA,IDN,
MADAMPE,LKA,
MATHILIL KERALA,IND,
ADDALAPALEM ANDHRA PRADESH,IND,
NALLALAM KERALA,IND,
KOTAHNALLOOR KERALA,IND,
KARAWANELLA,LKA,
CHENGANNUR KERALA,IND,
NEDUMKANDAM KERALA,IND,
HAGONOY DVO DS,PHL,
GALAUDA,LKA,
SSEMBABULE,UGA,
SS BARONGIS MGD,PHL,
ARMACHIHO,ETH,
SODO,ETH,
DADA WOYNE,ETH,
LIMU,ETH,
MALIMA,ETH,
GESHE,ETH,
ENCHINI,ETH,
BERHET,ETH,
ADISHEHO,ETH,
LAHORE PAK,PAK,
TASIKMALAYA,IDN,
KOT ISE KHAN PUNJAB,IND,
PANINGAPALLI ANDHRA PRADESH,IND,
AMODER VADODARA GUJARAT,IND,
SUBANG,IDN,
ROSARIO BATANGAS,PHL,
SOUTH SHEWA,ETH,
DENGEGO,ETH,
AWUKA,ETH,
HARERGE,ETH,
KAWIT CAVITE,PHL,
RMUGA,ETH,
CHELELEKITU,ETH,
HELA TERETA,ETH,
TEHULEDERE,ETH,
CLAVERIA CAGAYAN,PHL,
KAIROUAN,TUN,
KALIRO,UGA,
SIKO,ETH,
DAWRO,ETH,
HAGALOLE,ETH,
UPPALA KERALA,IND,
AWASA,ETH,
DODOBA,ETH,
SAPIAN CAPIZ,PHL,
WELEGA,ETH,
MORSUTO,ETH,
CHELBA,ETH,
GWERU,ZWE,
BO TOWN,SLE,
HAGERE SELAM,ETH,
BANISILAN NO COT,PHL,
SAN JUAN SO LEYTE,PHL,
KYUSO,KEN,
ESPERANZA MBT,PHL,
BUIKWE,UGA,
NYERI CENTRAL KEN,KEN,
PIGKAWAYAN COT,PHL,
FORT PORTAL,UGA,
LUWERO,UGA,
NKOZI,UGA,
DERAHIO SAIOUA,CIV,
AHMETLI,TKM,
DIOHINE,NPL,
KAZ,KGZ,
SULAT SAMAR,PHL,
COMPOSTELA CEBU,PHL,
CANDIJAY BOHOL,PHL,
LOBO BATANGAS,PHL,
ZAMBOANGUITA NEG,PHL,
PALUAN OC MDO,PHL,
TAVETA,KEN,
SEMUTO,UGA,
BIEN UNIDO BOHOL,PHL,
LIANGA SGO DS,PHL,
KEBITHIGOLLEWA,LKA,
WETHARA,LKA,
UMARPUR KALAN PUNJAB,IND,
AJEBAR,ETH,
CHANCHO,ETH,
HAIK,ETH,
MESMES,ETH,
ILU,ETH,
ISARA,ETH,
ACHEFER,ETH,
ADEMERE,ETH,
TAFIK,ETH,
ACHAMO,ETH,
AMETHI UTTAR PRADESH,IND,
NANSANA,UGA,
SAGUDAY QUIRINO,PHL,
HEBAN ARSI,ETH,
NASIPIT AGUSAN DN,PHL,
TUPI SOUTH COTABATO,PHL,
BAYAMBANG PGN,PHL,
STA RITA PAMPANGA,PHL,
LAY GAYINT,ETH,
CHENCHA,ETH,
TACH GAYNT,ETH,
DEBAGRAM WEST BENGAL,IND,
MAGSAYSAY OC MDO,PHL,
CHOLTI KHERI PUNJAB,IND,
BANGOWANI PUNJAB,IND,
NANGAL KHUNGA PUNJAB,IND,
INDERGHAR PUNJAB,IND,
KALLUPPATTU TAMIL NADU,IND,
KODUNTHIRAPULLY KERALA,IND,
PRAYAR SOUTH KERALA,IND,
HOLLETA GENET,ETH,
STA TERESITA CAG,PHL,
MALINDI KEN,KEN,
KWALEKEN,KEN,
MEHEL GANA,ETH,
KONDOA,TZA,
MIRIK DARJEELING WEST BENGAL,IND,
WACHO,ETH,
TAHTAY ADYABO,ETH,
DATU PIANG MGD,PHL,
ALEOSAN COTABATO,PHL,
MALALAG DAVAO DS,PHL,
NABAS AKLAN,PHL,
V SAGUN ZAM DS,PHL,
CAG DE ORO MIS OR,PHL,
SPOLICARPO ESMR,PHL,
TANUDAN KALINGA,PHL,
SIPALAY CITY,PHL,
MALITA DVO OCE,PHL,
CAOAYAN ILS SR,PHL,
G GENEROSO DVO OR,PHL,
SAN VICENTE DDN,PHL,
RANIPUR RAJPUTAN PUNJAB,IND,
BAMENDA,CMR,
MAHASOABE VOHIBATO,MDG,
MAWAB COMV,PHL,
LIAN BTS,PHL,
JIABONG SAMAR,PHL,
TIGAON CAM SUR,PHL,
INDRAMAYU,IDN,
MANASSERY KERALA,IND,
BATARAZA PALAWAN,PHL,
CONCEPCION TARLAC,PHL,
OROQUIETA MS OC,PHL,
BULANDSHAHR UTTAR PRADESH,IND,
SOGOD SO LEYTE,PHL,
NAIVASHA KEN,KEN,
PLARIDEL QUEZON,PHL,
BAROY LANAO DN,PHL,
NEW BATAAN DAVAO,PHL,
MANDAON MASBATE,PHL,
KARVAR KARNATAKA,IND,
KALIMPONG WEST BENGAL,IND,
VALENCIA BOHOL,PHL,
MANAY DVD OR,PHL,
S ANTONIO NO SMR,PHL,
TUBAO LA UNION,PHL,
BALIWAG BULACAN,PHL,
NAKASEKE,UGA,
CHERUTHANA KERALA,IND,
TULUNAN COT,PHL,
HADER,ETH,
CHAMARAJANAGAR KARNATAKA,IND,
AMARET CHALHOUB,BGD,
MALANG,IDN,
LUDHIANA PUNJAB,IND,
RAEBARELI UTTAR PRADESH,IND,
PAHALA KOTTARAMULLA,LKA,
SN ISIDRO NO SMR,PHL,
BANGA SO COT,PHL,
WONJISHOA,ETH,
DILABAG AURORA,PHL,
AGONCILLO BTS,PHL,
ODIONGAN ROMBLON,PHL,
BALBALAN KALINGA,PHL,
ALEGRIA CEBU,PHL,
NAUJAN OR MDO,PHL,
MALITBOG SOLTE,PHL,
DAGOHOY BOHOL,PHL,
PANMANA KERALA,IND,
LLORENTE E SAMAR,PHL,
CHAVALAKKADEI,LKA,
ALIPOR VALSAD GUJARAT,IND,
KARAK PAK,PAK,
RAJAGHIRI,IND,
GALEBUGE,ETH,
MOMBASA KEN,KEN,
SURAT GUJARAT,IND,
GONDA,IND,
PAYANGADI KERALA,IND,
ANENO SHISHO,ETH,
MITYANA,UGA,
THANJAVUR TOWN TAMIL NADU,IND,
ESTE,ETH,
GIRAR JARSO,ETH,
WELMARA,ETH,
GONIDEWEYINE,ETH,
ODE,ETH,
ENEMOR,ETH,
MENDIDA,ETH,
SUKE BEKELA,ETH,
ATSIBI,ETH,
SUDAN,ETH,
BIRT,ETH,
KAROMATAN LDN,PHL,
MUZAFFARPUR BIHAR,IND,
SITANGKAI T TAWI,PHL,
TARIYA BIHAR,IND,
DJIBUTI,ETH,
WADA,ETH,
NGATHAINGCHAUNG,MMN,
CHEKI,ETH,
MEDABEDDA,LKA,
SUKE,ETH,
BECHO,ETH,
LEMEN,ETH,
WELO,ETH,
DURBETE,ETH,
GORO JENA,ETH,
WUCHALE,ETH,
MODJO,ETH,
KOKA,ETH,
GOPULAPUR AP,IND,
THODUPUZHA KERALA,IND,
RAMARAJULANKA AP,IND,
GORE,ETH,
AKALGARH PUNJAB,IND,
SHONBA,ETH,
SEME,KEN,
DIMAWHSO,MMN,
MINJARO,ETH,
BURETI KEN,KEN,
RUKUNGIRI,UGA,
NYANDARUA KENYA,KEN,
KUNDAYAM KERALA,IND,
ARERTE,ETH,
WEKELO,ETH,
WOLAYETA,ETH,
DEBAGOT,ETH,
BATE FATO,ETH,
METI KOTCHA,ETH,
ATAYE,ETH,
SIRONKO,UGA,
KANAZAR KARNATAKA,IND,
ZERARO,ETH,
GEMOJA,ETH,
RACHUONYO,KEN,
SAN QUINTIN PGN,PHL,
IMELDA CAM NO,PHL,
QUIRINO ISABELA,PHL,
NYANDARUA KEN,KEN,
WOLAYITA SODO,ETH,
DONI,ETH,
UDE,ETH,
LEGEDADI,ETH,
ARBAMINCH,ETH,
LAIKIPIA KEN,KEN,
THIKA WEST,KEN,
NYANDARUA,KEN,
RWAMBITI KEN,KEN,
P ROXAS NO COT,PHL,
SARLAHI,NPL,
UMRETH KHEDA GUJARAT,IND,
SHIRADY KARNATAKA,IND,
PULIYOORKONAM KERALA,IND,
WARUMUMA,ETH,
EJAJI,ETH,
KUTTA KARNATAKA,IND,
ARUKALIKKAL KERALA,IND,
VELLIPARAMBA KERALA,IND,
BRIKAMA,AZE,
GELAN,ETH,
META ROBI,ETH,
SOKORU,ETH,
ARBA MINCH,ETH,
WAGMRA,ETH,
TULU JEBI,ETH,
DEBRE LIBANOS,ETH,
GUDETO ARJO,ETH,
ABOMSA,ETH,
SEBETA AWAS,ETH,
FITAL,ETH,
LISANA,ETH,
ADDIS ALEM,ETH,
GATANGA KEN,KEN,
EGELA,ETH,
KAPANGAN BENGUET,PHL,
SADIYA ASSAM,IND,
NINH THUAN,KEN,
KUYU,ETH,
GOROTIGIRI,ETH,
SIKE,ETH,
GELEMSO,ETH,
CLAVERIA MIS OR,PHL,
KIBOGA,UGA,
KOFORIDUA,TZA,
MBEERE KEN,KEN,
PAKWACH,UGA,
BUSIA KEN,KEN,
NYANDARUA SOUTH,KEN,
HOMABAY,KEN,
IBANDA,UGA,
TRANS NZOIA KEN,KEN,
GASAN MARINDUQUE,PHL,
MURANGA NORTH KEN,KEN,
HASSAN KARNATAKA,IND,
LICAB NUEVA ECIJA,PHL,
BANSUD OR MDO,PHL,
ALAMINOS PGN,PHL,
BIKE,ETH,
GABENE ABU,ETH,
DIGELU BORA,ETH,
PADAVIYA,LKA,
PANCHTHAR,NPL,
POLONNARUWA,LKA,
MANKON,CMR,
KANDARA KEN,KEN,
CALANASAN K APAYAO,PHL,
STA CRUZ DAVAO,PHL,
WANAWASALA,LKA,
PINUKPUK K APO,PHL,
RONDA CEBU,PHL,
SAN ISIDRO ISA,PHL,
MANDAUF CITY,PHL,
KALIBO KLAN,PHL,
S  VICENTE NO SMR,PHL,
JA SANTOS DAVAO DS,PHL,
MALABON RIZAL,PHL,
SAN ISIDRO NO SMR,PHL,
DIVULAPITIYA,LKA,
LUGAIT MIS OR,PHL,
CATBALOGAN W SMR,PHL,
TRANS NZOIA EAST,KEN,
PINAUNGAN CEBU,PHL,
DEL CARMEN SDN,PHL,
VITLA KARNATAKA,IND,
THUMBA KERALA,IND,
PULUPANDAN N OC,PHL,
LIMA,RUS,
MATANZAS CUB,UGA,
MATOBO,ZWE,
MOLAVE ZAM DS,PHL,
SAMAL DAVAO,PHL,
DUMAI INAO ZAM DS,PHL,
LUCBAN QUEZON,PHL,
ASINGAN PANGASINAN,PHL,
PANDAN ANTIQUE,PHL,
UASIN GISHU KEN,KEN,
LAOANG NO SAMAR,PHL,
ROXAS ZAM DN,PHL,
MARADANA,LKA,
AGUILAR PGN,PHL,
STA BARBARA ILOILO,PHL,
S MARCELA APAYAO,PHL,
HUTTI KARNATAKA,IND,
LAIKIPIA EAST KEN,KEN,
BATOURE,CMR,
GOGA KEMISE,ETH,
MAFIKENG,BRA,
LUCENA QUEZON,PHL,
GAMPAHASIYA,LKA,
ELDORET WEST,KEN,
KATTAPANNA KERALA,IND,
CHERANALLOOR KERALA,IND,
THYKOODAM KERALA,IND,
KANCHANPUR,NPL,
ANCHAL KERALA,IND,
SAN JUAN CITY,PHL,
MAKILALA NO COT,PHL,
CABUGAO ILS SR,PHL,
GUSHA TEMELA,ETH,
SEKORU,ETH,
REFISO,ETH,
GAMGOFA,ETH,
BEKOJI,ETH,
NANDI SOUTH,KEN,
HELA WAJI,ETH,
GIGMOTO CDS,PHL,
THALAMPITIYA,LKA,
PARAVOOR KERALA,IND,
NADIAD GUJARAT,IND,
BELARUS,IND,
KIRA,UGA,
SANDALANKA,LKA,
KYRGYZSTAN,KGZ,
LOMO,ETH,
BEHNARA,ETH,
DHARGA TOWN,LKA,
STA CRUZ MDQ,PHL,
AYAMA GOBARDAHA WEST BENGAL,IND,
DELANITA,ETH,
GASHAW AMBA,ETH,
LILOY ZAM DN,PHL,
V VERDE N VIZ,PHL,
MASABA KEN,KEN,
ISHAKA,UGA,
BUDONDO,UGA,
RAYAT PAMPANGA,PHL,
SAIYA KEN,KEN,
TOGA,ETH,
RYALI ANDHRA PRADESH,IND,
LINGANABOINACHERLA ANDHRA PRADESH,IND,
UNDI ANDHRA PRADESH,IND,
PURNEA BIHAR,IND,
NGONKPALA,NGA,
BREBES,IDN,
TAGBILARAN BOHOL,PHL,
VALECIA BKN,PHL,
NYAMIRA KEN,KEN,
BACNOTAN LAU,PHL,
MOGAUNG,MMN,
CHACHAYECHO,ETH,
PURWAKARTA,IDN,
TOME,ETH,
LUPI CAM SUR,PHL,
NKWEN BAMENDA,CMR,
KURIA WEST,KEN,
SAMIA,KEN,
GITHUNGURI,KEN,
SAN NICOLAS BTS,PHL,
LLAMERA N ECIJA,PHL,
NORZAGARAY BUL,PHL,
EAST GOJAM,ETH,
ESTIE,ETH,
TEPI,ETH,
ARITAO N VIZCAYA,PHL,
MENZ,ETH,
WOLAITA SODO,ETH,
SAN JOSE BTS,PHL,
PILAR SORSOGON,PHL,
PANABO DVO DN,PHL,
UTTLE VALLY ESTATE,LKA,
MUARA ENIM,IDN,
LA PAZ LEYTE,PHL,
BILAR BOHOL,PHL,
MOUNT DARWIN,ZWE,
RONGO,KEN,
LAMU,KEN,
BANGEM,CMR,
SHEBEDINO,ETH,
MAKILALA COT,PHL,
DULAS LEYTE,PHL,
STA FE LEYTE,PHL,
PARANAQUE RIZAL,PHL,
MADIUN,IDN,
MUYENGA,UGA,
GYULA,BUL,
MAJETE,ETH,
ROPHE,ETH,
TALIPAO SULU,PHL,
NYANDO KEN,KEN,
WAKISI,UGA,
KATHIANI,KEN,
ZAKA,ZWE,
MATHIRA EAST KEN,KEN,
BONGA,ETH,
BUKU,ETH,
HABICHO,ETH,
FERGANA REGION,UZB,
MARKOS,ETH,
LIBJO SURIGAO DN,PHL,
LAS NAVAS NO SMR,PHL,
SAN MANUEL TLC,PHL,
ZARAGOZA N ECIJA,PHL,
NTUNDIP,CMR,
LEGANES ILOILO,PHL,
SAN JOSE N ECIJA,PHL,
GGANDA,UGA,
S PASIR PANJANG,IDN,
KETA BERO,ETH,
SURIGAO SITY,PHL,
GUCHA KEN,KEN,
WAHLO,ETH,
BHATAMBRA KARNATAKA,IND,
RAWALPINDI PAK,PAK,
EMUHAYA,KEN,
MAKUENI KEN,KEN,
WELLO,ETH,
LUZIRA,UGA,
ARBAMINCHI,ETH,
ESFAHAN,IND,
SIDI LAKHDAR,DZA,
CONSOLACION CEBU,PHL,
KETAR GENET,ETH,
KWALE KEN,KEN,
KAFUGA,UGA,
MALEGAON MAHARASHTRA,IND,
PATNONGON ATQ,PHL,
JEMA,ETH,
SAN RAFAEL BULACAN,PHL,
GUJI,ETH,
WENJISHOA,ETH,
GANA,ETH,
HARAMAYA,ETH,
TULUBOLO,ETH,
BUBAMUGNO,ETH,
GEREGERA,ETH,
WERTU,ETH,
KORGA,ETH,
SHENSHCHO,ETH,
NAZRET,ETH,
BURHANPUR MADHYA PRADESH,IND,
KOTTARAKARA KERALA,IND,
WODEHAMUSYE,ETH,
PONOROGO,IDN,
POLANCO ZDN,PHL,
MAGDIWANG RBN,PHL,
LA CARLOTA NEG OCC,PHL,
YIRGACHEFF,ETH,
ENFIRANZ,ETH,
NEFASMEWCHA,ETH,
GANTAAFESHUM,ETH,
LIGABA,ETH,
CALANASAN K APO,PHL,
CHINTALAMORI ANDHRA PRADESH,IND,
MITHRAKARY KERALA,IND,
JIMA,ETH,
BEKAFTA,ETH,
KALAPAHAR MANIPUR,IND,
CHAVARA SOUTH KERALA,IND,
NADUVATHUR KERALA,IND,
SADANANDAPURAM KERALA,IND,
SAN REMIGIO ATQ,PHL,
S BENEDICTON OC,PHL,
NAGA CITY,PHL,
ALAMADA NO COT,PHL,
LIMU KOSA,ETH,
KONCHA,ETH,
GELGEL,ETH,
DILNSHA,ETH,
GORA,ETH,
FINFINE,ETH,
TULUGURACHA,ETH,
MUTIA ZAM DN,PHL,
CATEEL DAVAO OR,PHL,
PALANAS MASBATE,PHL,
MENJAR,ETH,
ESTANCIA ILOILO,PHL,
WOLKAYIT,ETH,
MULANAY QUEZON,PHL,
CATIOBI AN BOHOL,PHL,
KARAWANG,IDN,
ANAO TARLAC,PHL,
ANAO AON SGO DN,PHL,
DINALUPIHAN BATAAN,PHL,
POOVATTOOR EAST KERALA,IND,
STA CATALINA IS,PHL,
NURHERA,ETH,
TARLAC TLC,PHL,
HINUNDAYAN S LTE,PHL,
"KIRINYAGA, KEN",KEN,
SAN AGUSTIN SGO DS,PHL,
MATUGGA,UGA,
BATIBO,CMR,
KASANJE,UGA,
DADELDHURA,NPL,
LARI,KEN,
MURANGA NORTH,KEN,
CAGWAIT SGO DS,PHL,
SAN PABLO ISA,PHL,
SAN ILDEFONSO BUL,PHL,
LANTAPAN BKN A,PHL,
MOGA PUNJAB,IND,
GEDEMSA,ETH,
GELSHA,ETH,
LAY ARMACHIHO,ETH,
SUMISIP BASILAN,PHL,
KAMULI,UGA,
GUMER,ETH,
BEKOJ,ETH,
MULUGOYE,UGA,
ARSI ROBE,ETH,
KADUGALA,UGA,
TILO,ETH,
BASIRHAT WEST BENGAL,IND,
GERA,ETH,
PATHEIN,MMN,
GOLE,ETH,
TIRBA,ETH,
SIMJABET,ETH,
ASEBETEFERI,ETH,
FURI,ETH,
GURURA,ETH,
BALINDONG LDS,PHL,
BADAMI KARNATAKA,IND,
BUGIRI,UGA,
JAMNAGAR GUJARAT,IND,
SRI MUKTSAR SAHIB PUNJAB,IND,
DOLON KHURD PUNJAB,IND,
AMBALA HARYANA,IND,
KAMAL KE PUNJAB,IND,
WADALA PUNJAB,IND,
GHANAUR KALAN PUNJAB,IND,
ATAKKAPUTHUR KERALA,IND,
GUJRANWALA,PAK,
SHABE,ETH,
FINOTESELAM,ETH,
LEKULE GEJA,ETH,
ETHIOPIA,ETH,
MALAYBALAY CITY,PHL,
BATILE LEJANO,ETH,
SUAL PANGASINAN,PHL,
TSEGEREDA,ETH,
KHUMAN SINGH JI KA KHEDA RAJASTHAN,IND,
PATEWA CHHATTISGARH,IND,
WOJIGRA,ETH,
RUBIRIZI,UGA,
BANDARAWELA,LKA,
BHOJPUR,NPL,
ARBA MINCH ZURIYA,ETH,
DEMBIA,ETH,
TIJO LEBU,ETH,
DEBRE TABOR,ETH,
HAWZEN,ETH,
AYSAITA,ETH,
HINTALOWAJRAT,ETH,
HLEGU,MMN,
KEKAIT,IDN,
MWANGA,TZA,
BACUAG SGO DN,PHL,
TANA RIVER,KEN,
GULU,UGA,
MAHAVILACHCHIYA,LKA,
BARA,NPL,
PITIPANA NORTH,LKA,
ALLAHABAD UTTAR PRADESH,IND,
THISSA,LKA,
BONDO KEN,KEN,
IGUIG CAGAYAN,PHL,
KIRYANDONGO,UGA,
MBUGU,UGA,
MAYUGE,UGA,
PLACER SGO ON,PHL,
KIRULAPANA,LKA,
MALAKAND,PAK,
ARMENIA COL,COL,
VIHIGA KEN,KEN,
JAVIER LEYTE,PHL,
STA MARIA BULACAN,PHL,
MAKUENI,KEN,
ESPERANZAS KUD,PHL,
NSUUBE,UGA,
MATUGUINAO SAMAR,PHL,
MAHIULDEENPUR GAZI PUNJAB,IND,
UMRETH ANAND GUJARAT,IND,
NKOKONJERU,UGA,
PASACAO CAM SUR,PHL,
MATHIRA EAST,KEN,
MURANG A KEN,KEN,
TUBAJON SGO DN,PHL,
ANAHAWAN SO LTE,PHL,
OZAMIS CITY,PHL,
KYODERA,UGA,
CABANGLANN,PHL,
BORANWALI PUNJAB,IND,
DHIREKOT PUNJAB,IND,
SAN LUIS QUEZON,PHL,
GALIMUYOD ILS SR,PHL,
KIDAPAWAN NO CO,PHL,
SHAHPUR GORAYA PUNJAB,IND,
DADAHUR PUNJAB,IND,
KARTARPUR PUNJAB,IND,
KYOTERA,UGA,
KOTTARAKKARA KERALA,IND,
PATTUKKOTTAI TAMIL NADU,IND,
LINAMON LANAO DN,PHL,
PATMONGON ATQ,PHL,
NYANZA MUKINGO,UGA,
SAN ISIDRO N ECIJA,PHL,
NYERI SOUTH,KEN,
TANDAG SGO DS,PHL,
LIBACAO AKLAN,PHL,
DATU PAGLAS MD,PHL,
LA PAZ ABRA,PHL,
VALDERAMA ATQ,PHL,
KUMALARANG ZAM DS,PHL,
LAS PINAS RIZAL,PHL,
BASCO BATANES,PHL,
CALAPAN CITY,PHL,
TITAM ZAM DS,PHL,
MURANGA EAST KEN,KEN,
MALITA DDS,PHL,
MADRID SGO DS,PHL,
KANJIRAPPALLY KERALA,IND,
MAKATI RIZAL,PHL,
NORZAGARAY BULACAN,PHL,
ERANOOR KERALA,IND,
MENGO HOSPITAL,UGA,
PARANAQUE CITY,PHL,
CALOOCAN MM,PHL,
SADIQ PUNJAB,IND,
BATAC ILOCOS NORTE,PHL,
MEDINA MIS OR,PHL,
ANDA BOHOL,PHL,
LOWER TOKLANG BUSTY WEST BENGAL,IND,
SAN ANTONIO QUEZON,PHL,
SAN ISIDRO ABRA,PHL,
LYANTONDE,UGA,
LAVEZARES NO SMR,PHL,
BWEYOGERERE,UGA,
KAKUMIRO,UGA,
NAROK NORTH,KEN,
BUENAVISTA ILO,PHL,
INDANG CAVITE,PHL,
LORETO SDN,PHL,
KAPUTIAN DVD DN,PHL,
KABACAN NO COT,PHL,
STA FEN VIZ,PHL,
MATALAM COT,PHL,
SAN ENRIQUE ILOILO,PHL,
STO TOMAS BATANGAS,PHL,
BAYAWAN CITY,PHL,
JAKARTA,IDN,
LALPETTAI TAMIL NADU,IND,
IRONGO,UGA,
MANAFWA,UGA,
SN MIGUEL ZAM DS,PHL,
DO SINSUAT MGD,PHL,
CALAOANGA CAM S,PHL,
DAROLI BHAI PUNJAB,IND,
AZEZO,ETH,
CHOBA,ETH,
SANIJA,ETH,
ADABERGA,ETH,
AGURUWALLA WATTA,LKA,
PUTHUKURICHY KERALA,IND,
BALAHAR VINJHU PUNJAB,IND,
HOIMA,UGA,
HANHAT JHARKHAND,IND,
UKR,BLR,
DANUBYU,MMN,
KEREBICHO,ETH,
BONEYASOKISO,ETH,
URGO,ETH,
OFOLE DEWE,ETH,
SEKELA,ETH,
WELMERA,ETH,
KILINDINI KEN,KEN,
DEVANIYA RAJASTHAN,IND,
SOLAPUR MAHARASHTRA,IND,
MARKA,ETH,
PILAR SURIGAO DN,PHL,
LAKHA PUNJAB,IND,
BUENAVISTA QZN,PHL,
AMAYA,ETH,
CCP  USSR,RUS,
DEDIGAMA,LKA,
BNI FRASSEN MAROC,MAR,
GITDABLING WEST BENGAL,IND,
ALUTHGAMA,LKA,
KOYYETIPADU ANDHRA PRADESH,IND,
ITAOSY ANTANANARIVO,MDG,
BADULLA,LKA,
DIGHITENULI ODISHA,IND,
CAUAYAN CITY,PHL,
KEGALLE,LKA,
ADAMPUR PUNJAB,IND,
DIVO,CIV,
BUNIIRO,UGA,
TAGUM DVO DN,PHL,
LEGASPI CITY,PHL,
MACROHON SO LTE,PHL,
PIAT CAGAYAN,PHL,
DOLAKHA,NPL,
SOCORRO SGO DN,PHL,
KORCHA DERA,ETH,
CASIGURAN SSG,PHL,
SAN REMIGIO CEBU,PHL,
APPARI CAGAYAN,PHL,
TAGAYTAY CITY,PHL,
SABANALARGA,COL,
SOVIET GEORGIA,RUS,
KOBULETI,GEO,
SANTA MARTA COL,COL,
GUTAKOYSHA,ETH,
BULBULO,ETH,
GAMETO,ETH,
KAPILVASTU,NPL,
KAKAMEGA NORTH,KEN,
RUGOMBE,UGA,
AGNO PANGASINAN,PHL,
BUGERERE,UGA,
MDA,ARM,
MAKATO AKLAN,PHL,
CHIMANIMANI,ZWE,
GEDO,ETH,
WELE EKA,ETH,
UNISAN QUEZON,PHL,
LABRADOR PGN,PHL,
MAGSAYSAY DAVAO DS,PHL,
DIADI N VIZ,PHL,
KAPURTHALA PUNJAB,IND,
KIKAGATE,UGA,
AREKT,ETH,
ELDORET EAST,KEN,
BUNYANGABU,UGA,
NAAMA,UGA,
RUIRU KEN,KEN,
GODOD ZAM DN,PHL,
GUTUAN E SAMAR,PHL,
STA ROSA N ECIJA,PHL,
PASIG RIZAL,PHL,
LEBAK S KUD,PHL,
SAN ANTONIO QZN,PHL,
STA RITA SAMAR,PHL,
YE,MMN,
PULUPANDANN OC,PHL,
BARAS RIZAL,PHL,
NAGURU,UGA,
MUDUUMA,UGA,
MOHOTTAWAGODA,LKA,
MAWAB DVO,PHL,
SAN NICOLAS PGN,PHL,
BAGHDAD,BRA,
KALUTARA,LKA,
COIMBATORE TAMIL NADU,IND,
BEFELATANANA ANTANANARIVO,MDG,
LB POSTIGO ZDN,PHL,
BINGAWAN ILOILO,PHL,
AMBALAVAO,MDG,
MEERA KOT PUNJAB,PHL,
BHAWANIGARH PUNJAB,IND,
LAGONLONG MIS OR,PHL,
SANCHEZ MIRA CAGE,PHL,
BINUANGAN MIS OR,PHL,
SAGAY CAMIGUIN,PHL,
KUDAVASAL TAMIL NADU,IND,
KAUNKE KALAN PUNJAB,IND,
MALLIAN KHURD PUNJAB,IND,
KAIRON PUNJAB,IND,
FAMY LAGUNA,PHL,
STO DOMINGO IS,PHL,
S FERNANDO CAM,PHL,
MAHAPLAG LEYTE,PHL,
KITANDE HOSPITAL,UGA,
D MARCELINO DVO DS,PHL,
BUNDIBUGYO,UGA,
SIRAWAI ZAM DN,PHL,
RUBAGA,UGA,
BOGOR,IDN,
TAITA TAVETA KEN,KEN,
SAN SIMON PAMPANGA,PHL,
BAYUGAN AGUSAN,PHL,
CALAYAN CAGAYAN,PHL,
DINAIG MGD,PHL,
LOBA ABRA,PHL,
AGLIBAY QUIRINO,PHL,
SOGOD CEBU,PHL,
ALCANTARA RBN,PHL,
SAN NARCISO ZBS,PHL,
BEFELATANANA ANTANANARIVO IV,MDG,
STA MARIA ISA,PHL,
MUNOZ NUEVA ECIJA,PHL,
SAGNAY CAM SUR,PHL,
P DIAZ SORSOGON,PHL,
CALASIAO PGN,PHL,
ALAMADA N COT,PHL,
APARRI AGAYAN,PHL,
KIGAYA,UGA,
P GALERA OR MDO,PHL,
GUIHULNGAN NEG OR,PHL,
PALAYAN N ECIJA,PHL,
CABANGAN ZBS,PHL,
NASUGBU BTS,PHL,
BANAYOYO ILS SR,PHL,
PAZHAYANNUR KERALA,IND,
FOYA TOWN,NGA,
HIDSAYAP NO COT,PHL,
AIN DRAHAM,TUN,
ASHE KUBEGA,ETH,
TALUGTUG N ECIJA,PHL,
S VICENTE ILS SR,PHL,
DFA MANILA,PHL,
PALLITHURA KERALA,IND,
PILILLA RIZAL,PHL,
LAIKIPIA,KEN,
BALETE BATANGAS,PHL,
VALENCIA,PHL,
T OPPUS SO LEYTE,PHL,
KABAYAN BENGUET,PHL,
BAGO NEG OC,PHL,
KIWOKO,UGA,
KOKO,UGA,
BINDOY NEG OR,PHL,
CATARMAN CGNAN,PHL,
LOITOKTOK,KEN,
GOBE,MNG,
DINALUNGAN AUR,PHL,
BANGA SO COTABATO,PHL,
NYAUNGDON,MMN,
QUEZON NUEVA ECIJA,PHL,
KILIFE,KEN,
DEBREZEYT,ETH,
TANKEAMILASH,ETH,
PONTEVEDRA N OC,PHL,
WENDOGENET,ETH,
WONDO,ETH,
MEKET,ETH,
SHIROKERESA,ETH,
BATILEJANO,ETH,
DILFIRE,ETH,
ARANMULA KERALA,IND,
SANBARSA ODISHA,IND,
ADDISABEBE,ETH,
DALOA,CIV,
KOLU,ETH,
YEKOSO,ETH,
SOON,ETH,
GEFERSA,ETH,
KEMBATA,ETH,
BELESA,ETH,
SAN GABRIEL LAU,PHL,
LUISIANA LAGUNA,PHL,
OROQUETA CITY,PHL,
LAS NIEVES AD,PHL,
QUINAPONDAN ESMR,PHL,
MALABON CITY,PHL,
ABORLAN PALAWAN,PHL,
KAJIADO CENTRAL,KEN,
GALLENA WATTA,LKA,
STA BARBARA PGN,PHL,
NIRBAGA AMBORA CAMORLIM GOA,IND,
KADAMMANITTA KERALA,IND,
CHIKOMBA,ZWE,
ELDORET,KEN,
KADUKUTTY KERALA,IND,
KISUMU KEN,KEN,
DEMBIYA,ETH,
TENTA,ETH,
DUPAX N VIZ,PHL,
ENTE MARYAM,ETH,
CUYO PALAWAN,PHL,
IMPASUGONG BKN,PHL,
DEBREBREHAN,ETH,
SIDI TAIBI,MAR,
WOLEYTA,ETH,
QUIHA,ETH,
ENJAR,ETH,
HIDI,ETH,
HARARO,ETH,
HAMUS GEBEYA,ETH,
KALO,ETH,
VERUELA ADS,PHL,
WEGERA,ETH,
BUNGOMA KEN,KEN,
BUNGOMA EAST,KEN,
SN MIGUEL SGO DS,PHL,
BATUAN BOHOL,PHL,
CARAMOAN CAM SUR,PHL,
CHIPINGE,ZWE,
TRANS NZOIA EAST KEN,KEN,
SAN MIGUEL SGO DS,PHL,
MAMBAJAO CAMIGUIN,PHL,
JIDDA,ETH,
QUINAPUNDAN ESMR,PHL,
CASABLANCA,MAR,
GEN TINIO N ECIJA,PHL,
SIASI SULU,PHL,
RANNI KERALA,IND,
KATWA BARDHAMAN WEST BENGAL,IND,
MAGALLANES SSG,PHL,
CANTILAN SDS,PHL,
TOLI,ETH,
TERNATE CAVITE,PHL,
KALASIN,THA,
SAMUT SONGKHRAM,THA,
CHIANG MAI,THA,
PHICHIT,THA,
UTTARADIT,THA,
SOUTH DELHI DELHI,IND,
ALEXANDRIA,KGZ,
MURDESHWAR KARNATAKA,IND,
ALIGARH UTTAR PRADESH,IND,
ANIKAD KERALA,IND,
SORO,ETH,
PONTEVEDRA NEG,PHL,
KIAMBU EAST,KEN,
SAMSING TEA GARDEN WEST BENGAL,IND,
CHANTHABURI,THA,
V KALATHUR TAMIL NADU,IND,
KASARAGOD KERALA,IND,
KOHAT,PAK,
WORA JARSO,ETH,
JUHAR,ETH,
KUNO,ETH,
DEMBI ABAWAKO,ETH,
JALAUN UTTAR PRADESH,IND,
SIVAGANGAI TAMIL NADU,IND,
VICTORIA OR MOO,PHL,
DANALUPIHAN BATAAN,PHL,
GULRIPSHI,GEO,
DAMBULLA,LKA,
PEDALANKA ANDHRA PRADESH,IND,
K ILLINDALAPARRU ANDHRA PRADESH,IND,
BALABAGAN LDS,PHL,
JAKHANGAON MAHARASHTRA,IND,
KOSELAO RAJASTHAN,IND,
BATAN AKLAN,PHL,
EINME,MMN,
GITHUNGURI KEN,KEN,
KADAPA ANDHRA PRADESH,IND,
HTANTAPIN,MMN,
MYAUNGMYA,MMN,
HAMBANTOTA,LKA,
KODALY KERALA,IND,
PONKUNNAM KERALA,IND,
BIDRSO,ETH,
DEDO,ETH,
WEREBABO,ETH,
NATRI MENCHO,ETH,
LIBUNGAN NO COT,PHL,
DESSE,ETH,
ANGSERI,IDN,
AMURU,ETH,
ITZEHOE,NGA,
URAGASMANHANDIYA,LKA,
DENIYAYA,LKA,
MUNDEL,LKA,
SAVARDARE BHOR MAHARASHTRA,IND,
MANAPAD TAMIL NADU,IND,
MONARAGALA,LKA,
NAKODAR PUNJAB,IND,
MAVELIKARA KERALA,IND,
MAE HONG SON,THA,
KIKENENE,UGA,
SJDM BUI AGAN,PHL,
GANGOLLI KARNATAKA,IND,
R BUAYAN MGD,PHL,
LAMITAN BASILAN,PHL,
BARRU,IDN,
P ESTINO SULU,PHL,
NAMIREMBE,UGA,
BORABU,KEN,
ALLOUGOUM MOROCCO,MAR,
LAMBRA PUNJAB,IND,
SHAHJAHANPUR PUNJAB,IND,
PALLIMAKTMA TELANGANA,IND,
JAGRAON PUNJAB,IND,
LUTKI MAJRA PUNJAB,IND,
KABATINI,KEN,
KERICHO KEN,KEN,
RAJANGANAYA,LKA,
MASABA,KEN,
AGYATI,CMR,
PADIYUR KERALA,IND,
DAGDAYO,PHL,
TOLOSA LEYTE,PHL,
BIKANER RAJASTHAN,IND,
DAHANU MAHARASHTRA,IND,
ULHASNAGAR THANE MAHARASHTRA,IND,
GUTU,ZWE,
PHOOBSERING TEA ESTATE WEST BENGAL,IND,
KUZHINGARA KERALA,IND,
SURAMPUDI ANDHRA PRADESH,IND,
MATTOOL KERALA,IND,
GUNDIBALA KARNATAKA,IND,
KHANPUR PUNJAB,IND,
NKAYI,ZWE,
PAMUNUGAMA,LKA,
KABALE,UGA,
KAMAIBA,UGA,
WAMPEEWO,UGA,
PUTTALAM,LKA,
THALASSERY KERALA,IND,
HUNZA,PAK,
KISUMU WEST,KEN,
TIJO,ETH,
KANUNGU,UGA,
KALWARI MADHYA PRADESH,IND,
RARIEDA KEN,KEN,
KUSHI NAGAR UTTAR PRADESH,IND,
FANDRIANA,MDG,
SIBU ABADIR,ETH,
BOZESABOLA,ETH,
PIKIT COT,PHL,
PATAHI BIHAR,IND,
KADAKKAVUR KERALA,IND,
WARA BAIKA PUNJAB,IND,
DHANKUTA,NPL,
ABOHAR PUNJAB,IND,
MIRAJ MAHARASHTRA,IND,
MALSIAN PUNJAB,IND,
GARCHITORENA C S,PHL,
PATEROS MM,PHL,
ISABELA CITY,PHL,
KIREMA,UGA,
SRUNGAVRUKSHAM ANDHRA PRADESH,IND,
AVISSAWELLA,LKA,
JAIPUR RAJASTHAN,IND,
KISUMU EAST KEN,KEN,
BARUGO LEYTE,PHL,
MALINDI,KEN,
MATUWAGALA WATTA,LKA,
LUCENA ILOILO,PHL,
ABOSA,ETH,
KODUMON KERALA,IND,
MOOLAMCODE KERALA,IND,
POTTA KERALA,IND,
MUKONO MAIN HOSPITAL,UGA,
BALBALAN K APAYAO,PHL,
NARSAPUR ANDHRA PRADESH,IND,
KAROOR KARNATAKA,IND,
ALORAN MIS OC,PHL,
KEDIRI,IDN,
CEBU,PHL,
DINAGAT SGO DN,PHL,
STO TOMAS ISA,PHL,
KANKINARA WEST BENGAL,IND,
NAMBASHI KHULLEN MANIPUR,IND,
LIMBE,CMR,
SAN JUAN RIZAL,PHL,
KILEMBE,UGA,
KYANJA,UGA,
LIRA,UGA,
TULUNAN NO COTABATO,PHL,
BALBALAN K APO,PHL,
TAMPILISAN ZDN,PHL,
DASAN TUMBU,IDN,
TENTULIA WEST BENGAL,IND,
BANGA AKLAN,PHL,
CALAMBA CITY,PHL,
ALABAT QUEZON,PHL,
BHELAVA TOLI JHARKHAND,IND,
SAGBAYAN BOHOL,PHL,
KUMARAKOM KERALA,IND,
NABUNTURAN COMV,PHL,
BANGANGTE,CMR,
PASIL K APAYAO,PHL,
MUHEZA,TZA,
KALAYAAH LAGUNA,PHL,
ALMERIA BILIRAN,PHL,
KAGANDO,UGA,
TRANS NZOIA WEST KEN,KEN,
QUIRINO ILS SR,PHL,
PANABO DVO,PHL,
BATI LEJANO,ETH,
TAGUIG CITY,PHL,
DFA DAVAO,PHL,
GHAZIABAD UTTAR PRADESH,IND,
FLORA APAYAO,PHL,
BIRUNDUMA,UGA,
NEW BATA DAVAO,PHL,
KWEKWE,ZWE,
WARAKAPOLA,LKA,
SKAB,PHL,
TSAEDA EMEBA,ETH,
PERINJANAM KERALA,IND,
ANANO SHISHO,ETH,
SWABI,PAK,
BURDWAN WEST BENGAL,IND,
BAKINGIA ODISHA,IND,
GUNCHRE,ETH,
MASANDA,UGA,
SAMBAIA BENDUGU,SLE,
PONNANI KERALA,IND,
ADOOR KERALA,IND,
A CASTANEDA NV,PHL,
BALUTAN CAM SUR,PHL,
SHIGRA MURUD MAHARASHTRA,IND,
MEIGANGA,CMR,
KHANDWA MADHYA PRADESH,IND,
PASPATI VILLAGE MANIPUR,IND,
PATASHPUR WEST BENGAL,IND,
RAJAVARAM ANDHRA PRADESH,IND,
BIHAR BIHAR,IND,
BEDAR BALNOI JAMMU AND KASHMIR,IND,
JAJURA,ETH,
SANG DHESIAN PUNJAB,IND,
SOROTI,UGA,
COLUMBIO S KUD,PHL,
MERU KEN,KEN,
BISLIG SURIGAO DS,PHL,
KANNUR CANT KERALA,IND,
WARIYAPOLA,LKA,
BELVAI KARNATAKA,IND,
ARAGALUR TAMIL NADU,IND,
CHICHALIM GOA,IND,
BOLO,ETH,
ASEB,ETH,
MANAPPARAI TAMIL NADU,IND,
WOYOGEBRHEL,ETH,
MEDEBAYZANA,ETH,
UWAKELE WATTA,LKA,
LIMU LEMAN,ETH,
SAPERA,ETH,
BUTAMBALA,UGA,
PEDDAAMBERPET TELANGANA,IND,
CHITTOOR ANDHRA PRADESH,IND,
TINTO,CMR,
NADAYARA KERALA,IND,
GHOGA PUNJAB,IND,
BELUR KARNATAKA,IND,
BALLARI KARNATAKA,IND,
PASSARA,LKA,
BALLIA UTTAR PRADESH,IND,
NDEEBA,UGA,
NGANDO,UGA,
KYAZANGA,UGA,
MAIMBUNG SULU,PHL,
MISAMIS OCC,PHL,
NAJUAN OR MDO,PHL,
MIGORI KEN,KEN,
KABACAN COT,PHL,
DERA GHAZI KHAN PAK,PAK,
MONREAL MASBATE,PHL,
ELATHURUTHY KERALA,IND,
KAYAPA N VIZ,PHL,
WRIGHT SAMAR,PHL,
LICUAN BAAY ABRA,PHL,
FRANCISCO SO LTE,PHL,
NARASAPUR ANDHRA PRADESH,IND,
BETUL MADHYA PRADESH,IND,
DANSHE,ETH,
MORATUWA,LKA,
KUNDALASSERI KERALA,IND,
MOLO KEN,KEN,
BALAYAN BATANGAS,PHL,
NATHOWAL PUNJAB,IND,
KULATHUPUZHA KERALA,IND,
KADAPPURAM KERALA,IND,
VAIKOM KERALA,IND,
JACHO,ETH,
NEW BATAAN DDN,PHL,
NANO,ETH,
GONDI ANDHRA PRADESH,IND,
HARIPAD KERALA,IND,
MANJOOKULAM KERALA,IND,
DIGOS CITY,PHL,
BORA PUNJAB,IND,
KITI,UGA,
VELLIYAD KERALA,IND,
KAVIYOOR KERALA,IND,
AICKAD KERALA,IND,
SIMDEGA JHARKHAND,IND,
MAHABAGE,LKA,
NGAPUTAW,MMN,
BARKAPAL ESTATE,LKA,
NKAWERATIYA,LKA,
MADIPOLA,LKA,
KASARGOD KERALA,IND,
UWAKALE WATHTHA,LKA,
CHELAKODE KERALA,IND,
BADDEGAMA,LKA,
KOKRI BUTRA PUNJAB,IND,
KAUNKE KHURD PUNJAB,IND,
PULLUR KERALA,IND,
SURHU LOHRA GARHA JHARKHAND,IND,
SHIMLA HIMACHAL PRADESH,IND,
APRA PUNJAB,IND,
CHABHAL KALAN PUNJAB,IND,
KALLUMALA KERALA,IND,
MANGARPATTI BIHAR,IND,
DHARMKOT RANDHAWA PUNJAB,IND,
KOIPURAM KERALA,IND,
BOKHIRA JUNAGADH GUJARAT,IND,
SALYAN,NPL,
ISULAN S KUD,PHL,
COTABATO,PHL,
TURBO,KEN,
CHHURUNI ODISHA,IND,
MAGALLANES ADN,PHL,
ROURKELA ODISHA,IND,
CHANDANAPPALLI KERALA,IND,
MENGO,UGA,
TELDENIYA,LKA,
MALLIPUDI ANDHRA PRADESH,IND,
KALANJOOR KERALA,IND,
PALU,IDN,
GAYAZA,UGA,
LAMU KEN,KEN,
ASIBEL WACHE,ETH,
SHSEGO,ETH,
LEDISA,ETH,
AMBALANTOTA,LKA,
DYALPUR PUNJAB,IND,
PANIJHARIA ODISHA,IND,
AMTALA WEST BENGAL,IND,
SEDI CHANKA,ETH,
MAWOKOTA,UGA,
KIRULAPONE,LKA,
ANSARO,ETH,
KIRINYAGA CENTRAL,KEN,
BOLO GIYORGIS,ETH,
ASARIPATTE TAMIL NADU,IND,
BULILIMAMANGWE,ZWE,
DARAM W SAMAR,PHL,
GLORIA MDO OR,PHL,
MAWLAMYINE,MMN,
UMAYATTUKARA KERALA,IND,
MYITTHAR,MMN,
SIDAMA,ETH,
WENCHI,ETH,
KEBATA,ETH,
AKIYA,ETH,
ADULLA,ETH,
TACHARMACHIHO,ETH,
AMBATOLAMPY,MDG,
TALATAMATY AMBOHIDRATRIMO,MDG,
HA MAJARA,ETH,
GUNCHERE,ETH,
AZEBA,ETH,
DIGELU KIDAME,ETH,
BUSHA,ETH,
ETHIOPIAN,ETH,
KAMPTEE MAHARASHTRA,IND,
CHAMPARAN BIHAR,IND,
RAMANATHAPURAM TAMIL NADU,IND,
PUTHIYAKAVU KERALA,IND,
ATHIRUNKAL KERALA,IND,
NAGERCOIL TAMIL NADU,IND,
UMARGAM VALSAD GUJARAT,IND,
JOVELLAR ALBAY,PHL,
KAWEMPE,UGA,
WADAKKANCHERY KERALA,IND,
THOOTHUKUDI TAMIL NADU,IND,
MUTYALAVARIPALEM AP,IND,
ZUMARRAGA SAMAR,PHL,
PV CORPUZ MBT,PHL,
NAROK SOUTH,KEN,
GUIMARAS ILOILO,PHL,
PERADENIYA,LKA,
KUTTANAD KERALA,IND,
MALIPURAM KERALA,IND,
MUNDUR KERALA,IND,
MARBURG,NGA,
PARAMESWARAM KERALA,IND,
KYENJOJO,UGA,
KAGADI,UGA,
LIBUNGAN COT,PHL,
ROSALES BGN,PHL,
TRANSNZOIA WEST KEN,KEN,
UPPLI PUNJAB,IND,
RONGO KEN,KEN,
JEMBER,IDN,
S AGUAK MGD,PHL,
HIRIPITIYA,LKA,
RAMBUKKANA,LKA,
HENAN,PHL,
SAN VICENTE PAL,PHL,
S TEODORO OR KDO,PHL,
HAMA,ETH,
ANKOBER,ETH,
STA CATALINA I S,PHL,
NEGROS OCCIDENTAL,PHL,
KAJIADO NORTH,KEN,
SELANGOR,ESP,
CHANOCHELBA,ETH,
KADAWATHA,LKA,
THARBAUNG,MMN,
HOLGUIN CUB,UGA,
GORA SERITI,ETH,
VARANASI UTTAR PRADESH,IND,
ORAN,DZA,
GINCHE,ETH,
GOMA,ETH,
WEMBERA,ETH,
GAYNT,ETH,
DEBRE ELYAS,ETH,
LUBANG OC MDO,PHL,
DALLA,MMN,
CHITUNGWIZA,ZWE,
NYANDAHUA NORTH,KEN,
WOREBABO,ETH,
KISHE,ETH,
SHANKARAMPET A TELANGANA,IND,
KELALA,ETH,
SAGURE,ETH,
LASTA,ETH,
AMECHOWATO,ETH,
LUWAGA,ETH,
EZHA,ETH,
TERE,ETH,
KOTU,ETH,
JESA,ETH,
SODU,ETH,
LEGAMBO,ETH,
SIDI SLIMANE,MAR,
BUNO BEDELE,ETH,
LEBANON,PHL,
TAUNGGYI,PHL,
PUERTO PRINCESA CITY,PHL,
CHIDAMBARAM TAMIL NADU,PHL,
DUBAI,PHL,
AURANGABAD,PHL,
SHARJAH,PHL,
SANTIAGO CITY,PHL,
KANAT LIBANO,PHL,
NAWALPARASI  WEST,NPL,
HARGAMA,LKA,
NAWALPARASI  EAST,NPL,
RAEBARELI UTTARPRADESH,IND,
BANDA,UGA,
MONKAYO DAVAO YER,PHL,
NAWALPARASI (WEST),NPL,
STO TOMAS DAVAD,PHL,85782.0
STO TOMAS DVO DN,PHL,87604.0
DAGUPAN CI,PHL,89328.0
KALUTHARA,LKA,77649.0
WOLDIA,ETH,93178.0
WELLAWATTA,LKA,93063.0
STO TOMAS DVO,PHL,74852.0
HAMBANTHOTA,LKA,79066.0
